customer_id,age,gender,income,education,credit_score,account_balance,tenure_months,transactions_per_month,avg_transaction_value,products_owned,mobile_app_usage,payment_delays_6m,service_calls_6m,complaints_6m,issue_resolution_days,satisfaction_score,churned
CUS000001,49,M,28357,PhD,591,1980,28,15,113,9,Rarely,1,2,0,4.076027072264034,3.2930104852521613,True
CUS000002,39,M,19896,High School,749,5432,18,17,191,2,Weekly,0,2,0,3.481081805978,7.400850653977989,False
CUS000003,51,F,46879,PhD,734,585,11,12,55,3,Daily,0,2,0,2.114445365241834,8.857488953155011,False
CUS000004,64,F,106123,Other,658,3896,10,5,44,3,Daily,0,0,1,0.0,0.0,True
CUS000005,38,M,8101,Other,734,5780,8,12,147,2,Monthly,0,2,0,3.0176245244430144,9.025322257400228,False
CUS000006,38,F,39815,PhD,850,6743,11,15,87,2,Weekly,0,1,0,4.250204730012489,8.66725918608084,False
CUS000007,65,M,31948,Other,789,291,42,20,174,5,Weekly,1,0,0,0.0,0.0,True
CUS000008,53,F,62135,Bachelor,605,1195,16,13,43,2,Monthly,1,1,0,1.2788859135708137,7.680922513959187,False
CUS000009,34,F,43068,PhD,708,1039,5,13,21,2,Never,0,1,1,1.7110944204986205,7.255440747478759,True
CUS000010,50,F,19898,Bachelor,639,3360,117,17,58,3,Weekly,1,0,0,0.0,0.0,True
CUS000011,35,F,28134,Bachelor,681,5307,27,16,48,3,Never,0,0,0,0.0,0.0,True
CUS000012,35,F,19209,Master,678,17962,4,11,84,1,Never,1,0,0,0.0,0.0,False
CUS000013,45,M,85888,PhD,672,1645,12,22,54,3,Daily,0,1,0,2.8921985757086413,8.815950511239173,True
CUS000014,18,F,36939,Other,594,1640,22,17,162,2,Daily,1,2,0,2.248187043967837,7.681227327262895,False
CUS000015,18,M,166200,Bachelor,707,11844,110,10,71,4,Rarely,0,1,0,2.7336685607615943,7.7456648116707125,False
CUS000016,33,F,34595,Master,663,4255,6,13,101,2,Daily,1,0,0,0.0,0.0,False
CUS000017,26,F,20604,PhD,427,13645,53,11,102,3,Weekly,0,2,0,3.1395435684536763,7.068752959322465,False
CUS000018,46,F,10818,PhD,850,4215,81,14,105,7,Weekly,1,1,0,2.855683308848574,6.229791937274798,True
CUS000019,28,M,8582,High School,828,743,10,16,88,4,Never,0,0,0,0.0,0.0,True
CUS000020,20,F,10226,High School,682,601,15,12,135,1,Weekly,1,1,0,1.9612502619616863,4.3001222343694,True
CUS000021,63,F,44967,Bachelor,721,463,7,20,47,3,Daily,0,2,0,2.0299747423451255,4.645165065137364,False
CUS000022,38,F,54555,High School,602,6597,16,13,275,5,Daily,0,0,0,0.0,0.0,False
CUS000023,43,M,10250,Bachelor,850,12410,19,13,74,1,Daily,0,0,0,0.0,0.0,False
CUS000024,20,M,74312,Other,850,27425,38,16,31,4,Monthly,1,0,0,0.0,0.0,False
CUS000025,33,M,24675,Bachelor,735,8198,59,11,104,3,Weekly,0,0,0,0.0,0.0,False
CUS000026,43,M,40840,High School,822,12032,9,19,45,4,Rarely,0,3,0,4.843652171685455,6.233593530324323,False
CUS000027,24,F,131896,Other,737,1486,2,9,153,3,Weekly,0,2,0,2.323561592881333,6.758994138987477,True
CUS000028,47,M,74419,High School,586,744,19,17,527,4,Weekly,0,1,0,4.3826733538107305,5.064621198410777,False
CUS000029,32,Other,29295,Bachelor,678,8267,26,16,47,2,Monthly,0,3,0,4.537663964941411,4.915195461307832,False
CUS000030,37,M,17801,Master,733,4920,25,17,117,4,Weekly,0,1,0,1.5061030888607283,6.270783456204491,True
CUS000031,32,M,6493,PhD,674,3391,14,13,22,2,Never,1,2,1,3.214767238144892,8.80411649358541,False
CUS000032,69,F,20428,High School,698,4744,22,11,129,6,Daily,0,2,0,1.2967927472759724,2.7597556074168486,False
CUS000033,41,F,30671,Bachelor,710,4393,91,21,44,1,Daily,1,2,0,4.995729045878822,5.1233415919265015,False
CUS000034,26,F,16485,Other,711,13913,29,14,54,7,Monthly,0,1,0,2.4455728787307636,7.32319063746345,False
CUS000035,54,F,32695,High School,725,14100,13,16,37,4,Daily,1,1,0,2.386931035985518,9.57338369956723,False
CUS000036,23,F,38618,High School,613,5727,12,8,161,3,Never,0,0,0,0.0,0.0,True
CUS000037,45,M,30336,PhD,648,8225,16,18,201,4,Monthly,0,0,0,0.0,0.0,False
CUS000038,18,Other,21590,Bachelor,591,5524,103,19,91,2,Rarely,1,0,1,0.0,0.0,True
CUS000039,22,Other,41561,Master,817,1714,16,17,45,4,Daily,0,0,0,0.0,0.0,True
CUS000040,44,F,51717,Other,509,7389,19,16,321,2,Weekly,0,1,0,1.4440300057179418,10.0,False
CUS000041,53,M,15179,Bachelor,835,559,12,13,49,3,Never,0,0,1,0.0,0.0,True
CUS000042,44,F,112279,Other,850,10558,60,8,15,3,Never,1,0,0,0.0,0.0,True
CUS000043,40,M,33561,High School,689,710,142,15,129,2,Daily,0,0,0,0.0,0.0,True
CUS000044,37,M,36867,PhD,459,4200,31,15,37,3,Rarely,0,0,0,0.0,0.0,True
CUS000045,19,M,63995,PhD,683,1081,21,14,198,3,Weekly,0,0,0,0.0,0.0,False
CUS000046,31,M,43764,Master,713,5791,20,20,66,3,Rarely,1,1,0,1.6431326763830207,6.315635284104246,False
CUS000047,35,F,77847,PhD,618,2862,1,16,145,6,Rarely,0,2,1,2.49202329620421,6.2864578729241805,True
CUS000048,57,F,45692,High School,668,439,42,14,276,2,Daily,0,0,0,0.0,0.0,True
CUS000049,47,F,22248,Master,850,4938,22,8,34,1,Weekly,0,0,0,0.0,0.0,True
CUS000050,18,M,48494,Bachelor,786,1489,30,8,57,5,Daily,0,0,0,0.0,0.0,False
CUS000051,46,M,14545,PhD,627,8581,9,16,84,5,Daily,0,0,0,0.0,0.0,False
CUS000052,36,M,39610,Master,560,2985,13,19,307,4,Never,1,1,0,2.3291328888794838,6.724607582605412,False
CUS000053,31,Other,35362,High School,687,4791,13,17,53,5,Daily,0,1,0,1.8357288882064229,7.4542209910484605,False
CUS000054,51,M,30745,Other,698,944,55,5,55,3,Monthly,0,2,0,3.45274484787724,6.910199741113243,False
CUS000055,57,F,32766,Other,769,1469,13,11,131,1,Weekly,1,0,0,0.0,0.0,False
CUS000056,55,F,8058,High School,666,1719,161,14,56,1,Never,0,2,1,2.2228038661047016,7.23311057256745,False
CUS000057,29,M,23412,High School,771,8333,30,15,101,4,Weekly,0,0,0,0.0,0.0,True
CUS000058,37,F,39115,Other,850,22311,5,14,26,5,Never,0,1,1,1.3426807437566386,4.327286153458621,True
CUS000059,46,F,41269,Master,801,1134,17,20,529,3,Monthly,1,2,0,3.1905415200302563,3.676016597083334,False
CUS000060,56,F,15960,Other,715,10853,10,10,30,1,Daily,1,0,0,0.0,0.0,False
CUS000061,34,F,99964,High School,701,220,2,11,69,1,Never,0,0,0,0.0,0.0,True
CUS000062,39,M,18161,PhD,684,711,99,10,87,2,Never,1,2,1,1.2465277789163756,8.430620400112787,False
CUS000063,25,M,78870,Bachelor,838,943,40,20,415,2,Never,0,2,1,0.8506805350194042,6.614436999049841,False
CUS000064,24,F,51111,PhD,657,588,34,18,31,3,Monthly,1,0,1,0.0,0.0,True
CUS000065,54,F,21655,PhD,724,445,23,19,440,1,Weekly,0,0,1,0.0,0.0,True
CUS000066,62,M,150278,High School,725,4893,5,19,164,1,Monthly,0,0,0,0.0,0.0,True
CUS000067,40,F,13975,Other,669,2305,12,23,125,2,Never,1,0,0,0.0,0.0,True
CUS000068,57,F,75759,Master,582,4699,46,14,40,3,Never,0,2,0,2.3351552917054827,8.667020546569162,False
CUS000069,47,F,80859,PhD,752,6826,7,19,142,2,Daily,0,1,0,1.3293055534187483,7.447551954286962,False
CUS000070,32,M,21237,Other,713,4099,1,11,50,5,Monthly,1,0,1,0.0,0.0,True
CUS000071,47,F,110632,Master,770,6563,16,19,247,3,Monthly,0,0,0,0.0,0.0,False
CUS000072,65,F,29731,PhD,666,2742,17,15,41,4,Rarely,0,0,0,0.0,0.0,False
CUS000073,41,M,45750,Master,842,717,23,19,82,3,Weekly,0,1,0,2.432832037857355,4.133909557794393,True
CUS000074,65,M,44723,Other,632,10608,41,20,57,4,Rarely,0,0,0,0.0,0.0,True
CUS000075,18,Other,32615,Bachelor,850,1470,38,11,40,1,Rarely,0,1,0,3.3473836841083324,10.0,False
CUS000076,54,M,69469,Other,545,969,26,12,162,5,Weekly,0,2,0,3.640976455889761,7.062715016921697,False
CUS000077,43,F,68513,High School,763,2407,66,7,138,3,Daily,0,0,0,0.0,0.0,False
CUS000078,37,F,8965,Master,767,996,4,19,236,3,Daily,0,1,0,2.854292774350237,5.505504615983691,False
CUS000079,43,M,103101,Bachelor,640,1806,33,12,21,2,Weekly,0,2,0,1.1467918828133745,5.931598365795299,False
CUS000080,18,F,9604,Master,762,4504,37,15,210,3,Weekly,0,2,0,1.5525891787523396,4.577304849771611,False
CUS000081,38,M,82953,Master,847,4527,5,14,668,2,Monthly,0,2,1,2.231575247126153,7.665418399846573,False
CUS000082,47,F,89443,PhD,498,1014,4,16,62,2,Monthly,0,1,0,2.2423845622419463,6.777629862897787,True
CUS000083,64,M,15172,High School,770,1660,9,10,409,1,Monthly,0,1,0,1.3896407160468498,10.0,False
CUS000084,34,F,26143,Master,470,10820,10,14,72,4,Monthly,0,1,0,1.7661174690039911,8.03987591033911,False
CUS000085,29,M,14994,Other,623,5408,42,16,30,6,Never,0,0,0,0.0,0.0,False
CUS000086,34,M,30578,Other,850,35956,10,11,70,3,Never,0,1,0,3.3373566201387805,10.0,False
CUS000087,55,Other,28383,PhD,661,12285,8,16,208,2,Daily,0,0,0,0.0,0.0,False
CUS000088,46,M,67760,High School,602,11768,10,15,46,1,Never,1,0,0,0.0,0.0,False
CUS000089,34,F,103595,High School,700,563,61,12,55,2,Never,1,0,0,0.0,0.0,True
CUS000090,49,M,110918,Other,850,7454,20,16,144,3,Monthly,0,1,1,2.8630053042058683,5.077482915140907,False
CUS000091,43,F,23161,Bachelor,536,2796,16,16,90,1,Monthly,1,0,0,0.0,0.0,False
CUS000092,56,M,30718,PhD,614,1538,17,16,143,3,Weekly,0,0,0,0.0,0.0,True
CUS000093,31,Other,9445,PhD,850,3646,73,16,108,2,Monthly,1,0,1,0.0,0.0,False
CUS000094,37,M,19059,Other,850,9267,9,14,132,2,Weekly,0,0,0,0.0,0.0,False
CUS000095,36,M,78580,Other,709,5437,74,15,63,6,Weekly,0,1,0,1.9074612944147986,6.338384590045546,False
CUS000096,20,M,132252,Bachelor,596,1038,24,13,108,1,Never,2,0,0,0.0,0.0,False
CUS000097,46,M,13528,Bachelor,850,7265,17,10,42,3,Monthly,0,2,0,3.7241036999662023,8.780226800912807,False
CUS000098,45,F,22607,High School,850,1386,244,18,252,1,Never,1,0,1,0.0,0.0,True
CUS000099,42,M,35556,PhD,787,3866,6,18,54,1,Monthly,0,1,0,1.1465360348514042,8.17781894119136,False
CUS000100,38,F,45439,PhD,638,2071,14,16,222,1,Never,0,1,0,3.3571795149858312,6.968743285298927,True
CUS000101,20,M,19002,Other,715,2292,5,12,74,4,Never,0,2,1,3.1339584209559845,4.847042507257353,False
CUS000102,35,M,50983,High School,703,7476,52,10,105,5,Never,0,0,0,0.0,0.0,False
CUS000103,36,F,24857,PhD,753,855,108,13,60,5,Daily,1,1,0,3.232792037757159,2.6434497752519226,True
CUS000104,29,F,35898,High School,850,30768,106,11,39,2,Never,0,0,0,0.0,0.0,False
CUS000105,39,M,56219,High School,807,335,68,25,22,3,Rarely,0,1,0,2.5811391194255786,6.560136592397124,False
CUS000106,48,M,36502,Other,612,1455,16,14,38,3,Rarely,0,0,0,0.0,0.0,False
CUS000107,70,M,25613,High School,850,4648,13,17,69,2,Rarely,0,2,0,1.6054044837037826,6.645545077257495,False
CUS000108,44,F,33266,Bachelor,751,6009,3,12,106,4,Weekly,0,0,0,0.0,0.0,True
CUS000109,45,F,33836,Bachelor,788,2642,153,17,202,4,Never,0,0,0,0.0,0.0,False
CUS000110,40,M,27010,Master,850,2782,32,11,63,3,Rarely,0,0,0,0.0,0.0,False
CUS000111,18,F,29524,Other,608,4878,12,16,44,2,Weekly,0,1,0,2.992161124576538,7.256095597201183,False
CUS000112,41,F,130472,Master,716,2259,75,17,28,4,Rarely,0,1,0,1.8079424125844068,4.108772468192747,False
CUS000113,42,F,56882,Bachelor,666,15864,7,17,132,1,Monthly,0,3,0,2.466053444107546,5.2414284022707065,False
CUS000114,78,F,28670,Master,563,8161,30,23,272,4,Daily,0,3,1,1.54658655620722,7.783712107582206,False
CUS000115,39,M,63421,Other,754,8496,16,17,247,3,Never,0,0,0,0.0,0.0,True
CUS000116,46,M,27804,Other,850,935,38,24,158,2,Daily,0,0,0,0.0,0.0,True
CUS000117,41,M,92827,High School,535,2710,18,12,150,4,Daily,0,0,0,0.0,0.0,True
CUS000118,24,M,48811,PhD,716,2078,4,14,350,4,Monthly,0,2,0,1.8730241253509248,8.170079910876241,False
CUS000119,59,F,33328,High School,784,891,21,12,117,3,Monthly,0,0,1,0.0,0.0,True
CUS000120,53,F,51957,Other,732,4592,57,11,150,4,Monthly,0,0,0,0.0,0.0,False
CUS000121,53,M,10335,Bachelor,708,1563,19,14,69,3,Weekly,0,0,0,0.0,0.0,True
CUS000122,28,M,14743,Bachelor,590,6545,43,20,30,2,Rarely,0,1,1,2.0717123589252915,7.4019199006686724,True
CUS000123,63,M,13972,High School,743,825,7,9,52,4,Never,1,0,0,0.0,0.0,False
CUS000124,20,F,40715,Other,644,23455,19,12,89,2,Monthly,0,1,0,2.7179066015316296,6.306890252353698,False
CUS000125,50,M,145221,Bachelor,501,1016,10,19,94,3,Never,0,1,0,2.955290595818916,4.625871198757894,False
CUS000126,74,F,216433,Other,839,3878,42,11,420,3,Never,0,1,1,5.195795316910594,8.907782987531691,False
CUS000127,27,M,60502,Bachelor,815,7709,20,14,96,5,Never,0,0,0,0.0,0.0,True
CUS000128,33,M,54212,Other,725,1503,40,10,231,2,Monthly,0,2,0,2.3966291601062473,8.45394966167662,False
CUS000129,43,Other,8596,Master,742,8291,59,21,63,2,Monthly,0,0,0,0.0,0.0,True
CUS000130,34,Other,23525,Other,827,681,40,11,70,3,Rarely,0,1,0,1.3856027049564872,5.851713857626917,True
CUS000131,18,M,19336,Other,742,17026,26,18,31,4,Monthly,1,2,0,3.3200598678575624,8.666435956077681,False
CUS000132,43,F,22099,High School,810,3032,7,13,49,2,Monthly,0,2,0,2.6348259711486235,6.861843756764901,False
CUS000133,26,F,31744,Master,690,1457,20,14,137,2,Never,0,1,0,2.023470824623971,5.635354864173664,False
CUS000134,49,F,24892,PhD,850,2081,11,14,90,3,Rarely,0,0,0,0.0,0.0,False
CUS000135,28,M,7454,High School,752,7869,14,10,191,2,Daily,0,1,0,1.8216863359981361,8.853453262923278,False
CUS000136,65,F,66060,PhD,739,1478,13,15,104,3,Monthly,0,2,0,1.6337562111867006,7.200334519771017,False
CUS000137,30,F,15395,Bachelor,592,1212,7,14,67,3,Monthly,0,1,0,1.6068434377864198,6.14378770345346,False
CUS000138,37,F,43975,PhD,748,2285,2,17,502,2,Daily,0,0,0,0.0,0.0,True
CUS000139,54,M,190854,Other,636,726,10,21,83,2,Never,0,0,0,0.0,0.0,True
CUS000140,23,M,17404,PhD,656,26493,24,16,228,3,Rarely,0,3,0,1.20896802681498,4.435376956241664,False
CUS000141,45,M,4797,High School,638,1510,5,15,65,2,Never,0,0,0,0.0,0.0,True
CUS000142,61,F,28888,High School,613,8086,20,15,158,3,Weekly,0,0,0,0.0,0.0,False
CUS000143,18,M,87620,PhD,850,3832,134,16,189,3,Monthly,0,0,0,0.0,0.0,False
CUS000144,44,F,173976,High School,850,914,55,19,106,4,Weekly,0,1,0,3.6065619857556466,4.620571048231449,False
CUS000145,45,Other,13580,High School,850,2959,103,14,13,4,Monthly,0,1,0,2.76599321575533,8.694015472323628,False
CUS000146,53,M,54033,PhD,597,7637,29,19,91,3,Weekly,0,1,0,2.331539400191038,7.905827182252742,False
CUS000147,23,F,25028,Master,727,2378,64,14,240,5,Daily,1,1,0,1.6317047189252438,4.660713607732035,True
CUS000148,22,M,33364,Master,590,12478,9,21,137,5,Monthly,1,1,1,3.8369745868298843,4.622769836009083,True
CUS000149,49,F,301183,Bachelor,650,10155,10,17,128,2,Monthly,0,1,0,1.0938264473591979,10.0,False
CUS000150,46,M,10912,High School,628,8979,1,14,22,4,Weekly,0,0,1,0.0,0.0,True
CUS000151,45,F,44488,PhD,843,1717,65,8,50,2,Rarely,0,1,0,2.084446906894059,7.929250411356103,False
CUS000152,47,F,52794,High School,680,815,93,11,125,1,Weekly,0,1,0,3.6366872958472243,9.419084639222522,True
CUS000153,31,F,86563,Other,826,1427,11,15,124,4,Monthly,0,1,0,0.8217539904701741,9.98450970635083,False
CUS000154,45,F,39276,High School,780,3772,15,14,237,4,Monthly,1,1,0,2.4303249015628694,5.143658895161908,False
CUS000155,46,F,46464,High School,850,5738,9,14,80,1,Rarely,0,0,0,0.0,0.0,False
CUS000156,31,F,26547,Master,572,220,29,12,124,1,Never,0,1,0,1.5998685566830244,10.0,False
CUS000157,69,F,45039,PhD,845,2952,61,20,91,5,Rarely,1,1,1,2.3645330145360557,4.844363269698256,False
CUS000158,49,F,27596,High School,834,3603,3,17,40,2,Never,0,3,0,1.8455451046255298,8.45840089265775,False
CUS000159,24,M,59710,Master,622,2136,30,13,14,5,Monthly,0,1,0,2.9947047471951658,6.768039583018703,False
CUS000160,51,F,27019,Bachelor,820,14038,15,12,127,3,Daily,0,1,0,4.121725527778981,8.446983347878795,False
CUS000161,27,F,49103,Master,753,4945,22,20,103,3,Daily,0,1,1,7.819832908233024,6.578584304521681,True
CUS000162,53,F,35475,Master,697,14360,31,15,54,4,Weekly,0,0,0,0.0,0.0,True
CUS000163,59,M,89396,Master,637,2300,16,20,24,3,Rarely,0,1,1,2.102863685262787,8.098045269076856,False
CUS000164,29,F,34852,High School,648,9181,18,15,148,3,Rarely,2,4,0,3.2187284042240685,9.723801601299257,False
CUS000165,56,M,8791,High School,850,21206,16,20,72,1,Daily,0,0,0,0.0,0.0,False
CUS000166,48,F,99661,Bachelor,720,14386,53,14,140,4,Never,0,1,0,2.64078714043773,9.239303350603715,False
CUS000167,54,M,17595,Other,798,803,30,18,399,3,Rarely,0,0,0,0.0,0.0,True
CUS000168,70,F,21525,Other,640,2198,25,15,16,3,Never,0,1,0,2.7402269890129043,6.876191065129303,False
CUS000169,38,Other,22549,Other,642,1970,5,15,51,2,Never,1,0,0,0.0,0.0,False
CUS000170,30,M,109048,Bachelor,828,5362,13,14,76,2,Never,0,1,0,4.654804787647675,5.092857632924096,False
CUS000171,28,Other,6577,Other,585,6792,49,20,288,2,Never,0,0,0,0.0,0.0,True
CUS000172,29,M,446948,Other,678,1089,20,14,24,4,Weekly,2,0,0,0.0,0.0,True
CUS000173,40,F,84528,Master,723,3233,38,17,423,2,Weekly,0,2,0,1.5807561422052971,6.404894111076809,False
CUS000174,47,F,43416,High School,731,264,117,14,100,5,Daily,0,0,0,0.0,0.0,False
CUS000175,46,F,34755,High School,702,16820,56,24,83,3,Weekly,0,2,0,1.8605227576599834,7.888341017608388,True
CUS000176,54,F,45635,Master,759,1611,22,15,76,2,Rarely,0,1,0,2.038599740940506,8.304002537615524,False
CUS000177,42,F,55099,Master,789,3187,12,12,63,2,Weekly,1,1,0,1.3601237360528,9.140039529567696,False
CUS000178,63,M,60850,Master,793,2055,1,12,208,4,Rarely,0,0,0,0.0,0.0,False
CUS000179,38,M,56640,High School,621,11792,16,17,38,3,Rarely,0,1,0,2.2239002696063848,5.5378862179627735,False
CUS000180,82,F,39013,Other,691,98,14,12,118,1,Never,0,1,0,3.0925158838958096,5.13531473589605,True
CUS000181,51,F,31011,Master,839,2922,29,19,66,4,Daily,0,3,0,3.3675348519853556,4.960437997561116,True
CUS000182,29,F,32176,Bachelor,809,2625,17,16,48,2,Never,0,0,0,0.0,0.0,False
CUS000183,25,F,31072,Master,582,1729,14,19,712,1,Never,0,1,0,2.03010424553297,6.605880101299626,False
CUS000184,49,M,89950,PhD,755,23658,3,12,125,7,Weekly,0,0,0,0.0,0.0,False
CUS000185,38,F,58386,Master,522,1027,7,15,147,2,Weekly,1,0,1,0.0,0.0,False
CUS000186,52,M,3455,High School,724,7526,32,14,223,5,Rarely,0,0,0,0.0,0.0,True
CUS000187,49,F,61372,Master,850,4571,111,18,28,4,Weekly,0,0,0,0.0,0.0,True
CUS000188,40,M,42437,PhD,625,13545,18,11,365,4,Weekly,0,0,0,0.0,0.0,False
CUS000189,29,M,35776,Bachelor,636,1338,27,12,12,4,Monthly,1,0,0,0.0,0.0,False
CUS000190,19,M,26613,Other,796,1236,52,13,48,4,Rarely,0,1,0,3.9393587826755363,7.428438618286547,False
CUS000191,35,M,89258,Master,565,11106,8,15,62,2,Rarely,1,1,0,0.7890770803355718,7.73991477037241,False
CUS000192,54,F,77499,PhD,656,4966,28,14,143,1,Monthly,0,0,0,0.0,0.0,True
CUS000193,45,M,19568,PhD,779,466,9,16,107,2,Rarely,0,2,0,7.118457283928327,4.171245748768225,False
CUS000194,23,M,50294,Bachelor,656,1560,47,17,78,2,Daily,0,0,0,0.0,0.0,False
CUS000195,44,M,16691,High School,696,4739,23,12,89,1,Daily,0,0,0,0.0,0.0,False
CUS000196,47,M,12043,Master,794,8146,27,23,41,2,Monthly,0,0,0,0.0,0.0,False
CUS000197,28,M,21996,PhD,762,1319,9,15,27,4,Weekly,0,0,0,0.0,0.0,False
CUS000198,44,M,72396,Bachelor,746,90,40,7,160,1,Daily,0,0,0,0.0,0.0,True
CUS000199,42,F,77846,Other,686,5585,161,10,156,1,Monthly,0,0,0,0.0,0.0,True
CUS000200,24,F,54746,PhD,757,689,7,15,319,3,Daily,2,1,0,2.955383156706872,5.09327216614401,True
CUS000201,47,F,64865,Bachelor,707,264,14,11,47,2,Never,0,1,0,1.794600102422214,5.594890116389764,False
CUS000202,50,M,54882,High School,765,99,25,13,156,5,Monthly,0,1,0,2.804010827819417,10.0,False
CUS000203,58,M,21737,High School,670,7917,44,13,71,1,Rarely,1,1,0,2.0618559006263077,6.237807714536987,False
CUS000204,57,F,51304,PhD,701,3478,11,11,233,3,Daily,2,1,0,0.7830106550013165,4.046531127623758,False
CUS000205,21,F,68894,PhD,621,2273,1,14,203,5,Rarely,0,1,0,2.2783530908137837,7.762973980319688,False
CUS000206,27,M,66398,Master,716,15785,78,12,106,3,Monthly,0,1,0,3.510482436409893,6.782758668096857,False
CUS000207,49,M,94007,Bachelor,638,6404,42,15,68,5,Daily,0,1,0,3.6034658814323466,4.650181597622735,True
CUS000208,49,M,64000,PhD,608,20734,3,25,194,2,Rarely,0,0,0,0.0,0.0,True
CUS000209,49,M,48105,Master,745,560,10,15,151,3,Weekly,0,2,0,2.5240099805568668,6.052704271956677,False
CUS000210,85,M,85487,Master,741,2859,96,13,52,1,Weekly,1,2,0,3.5926346374542035,6.317237527706183,False
CUS000211,50,F,35553,PhD,798,428,85,12,31,3,Never,1,0,0,0.0,0.0,True
CUS000212,59,F,17934,High School,676,2263,51,18,71,3,Monthly,0,0,0,0.0,0.0,False
CUS000213,56,F,31874,Bachelor,760,2212,16,8,302,5,Rarely,0,1,0,2.7668789811519363,6.753737960399856,True
CUS000214,51,F,20011,Bachelor,775,6322,21,19,225,2,Never,0,1,1,2.4875243063844006,8.859941987455832,False
CUS000215,37,F,21159,High School,764,3148,17,17,36,6,Monthly,0,1,0,1.576967240366152,8.12104970040424,False
CUS000216,53,F,32350,PhD,637,6298,62,15,35,2,Weekly,0,1,0,1.8708533713035327,7.250065743258991,False
CUS000217,30,F,19265,Bachelor,734,6933,8,20,249,1,Rarely,1,1,0,1.9577956217869399,8.9722174141625,False
CUS000218,38,M,28385,PhD,756,39573,8,13,36,4,Daily,0,1,0,2.5670034195237004,6.1803868907961546,False
CUS000219,34,M,7983,PhD,720,2041,55,11,135,2,Weekly,1,1,0,3.325355545105022,5.549738665125199,False
CUS000220,43,M,43072,Master,511,963,19,20,54,4,Daily,0,0,0,0.0,0.0,False
CUS000221,76,F,36350,High School,736,4005,79,14,328,5,Daily,0,2,0,1.6368709005555058,7.6174778947390545,False
CUS000222,18,F,18888,PhD,850,1138,10,13,48,1,Rarely,0,1,0,1.1097331636386727,7.463080521376512,False
CUS000223,52,M,61537,Other,683,17647,19,11,224,2,Rarely,0,1,0,4.571678485689755,4.048185335774699,False
CUS000224,18,F,76884,High School,647,2122,7,12,104,3,Daily,0,2,0,1.3712045119528022,9.986468725656978,False
CUS000225,34,M,10036,Bachelor,757,1512,20,14,110,2,Never,0,2,0,2.8435335919063007,4.962504398771644,True
CUS000226,58,F,19728,Master,751,1693,4,9,18,5,Daily,0,4,0,2.525885687107955,8.05894397617879,True
CUS000227,42,M,19627,Bachelor,839,7059,12,16,15,2,Daily,0,2,0,1.8735449604732166,8.105523354708826,False
CUS000228,25,M,17121,Bachelor,594,2466,4,14,75,5,Rarely,0,1,0,3.0153891712584886,1.0,True
CUS000229,31,F,70514,High School,793,1380,40,15,109,1,Monthly,1,2,0,1.2167521088081106,7.454437804854468,False
CUS000230,52,M,31099,Bachelor,779,21991,41,10,36,1,Weekly,0,1,0,5.029722596239488,10.0,False
CUS000231,31,M,29389,PhD,705,1066,3,10,37,3,Rarely,1,0,0,0.0,0.0,False
CUS000232,45,M,7309,Bachelor,753,3110,76,16,141,5,Never,2,1,0,8.309827914632416,5.5797435583294135,False
CUS000233,42,F,60375,Master,822,6520,244,12,141,5,Weekly,0,3,0,4.118370453500226,3.2042556881236943,True
CUS000234,32,F,13475,Master,807,420,21,12,80,2,Rarely,0,1,0,1.4843167023224024,6.76562953748919,True
CUS000235,74,M,38099,Other,605,5304,10,11,168,4,Rarely,0,1,0,0.6956950368657542,7.932102497741092,False
CUS000236,51,F,45338,Master,802,840,338,15,35,2,Monthly,0,0,0,0.0,0.0,True
CUS000237,18,F,107853,Bachelor,713,8001,5,19,67,2,Never,0,0,0,0.0,0.0,True
CUS000238,44,M,12745,Master,727,939,20,14,336,2,Never,0,0,0,0.0,0.0,True
CUS000239,32,M,3243,High School,727,6845,24,12,95,3,Rarely,0,1,0,2.8254903845796413,6.825532715679125,False
CUS000240,54,M,42069,Master,704,11237,77,16,99,4,Monthly,0,1,0,1.1656906947568302,5.099339419981913,False
CUS000241,30,M,153339,PhD,839,8381,28,23,569,4,Rarely,0,1,0,1.8101693183052179,4.939427194827978,False
CUS000242,40,F,97846,High School,711,4030,12,27,29,1,Daily,0,0,0,0.0,0.0,True
CUS000243,49,M,42947,Other,608,2258,7,18,170,1,Daily,0,0,0,0.0,0.0,False
CUS000244,54,F,24506,PhD,680,1492,14,13,340,1,Monthly,2,2,1,4.765540576104908,3.7556688615837746,False
CUS000245,23,F,69265,Bachelor,737,17417,7,16,69,2,Rarely,1,0,0,0.0,0.0,False
CUS000246,36,M,16666,Bachelor,842,1287,21,15,179,3,Monthly,0,0,0,0.0,0.0,True
CUS000247,34,F,53161,Bachelor,780,858,11,9,41,4,Rarely,0,1,0,5.01202984352922,3.25009520225164,True
CUS000248,32,M,54413,PhD,634,6623,4,21,51,3,Rarely,0,3,0,5.290077277503523,6.313892944400707,True
CUS000249,68,Other,84809,PhD,850,1146,70,10,122,4,Daily,1,0,1,0.0,0.0,False
CUS000250,48,F,330290,PhD,746,953,12,14,170,4,Weekly,1,1,0,2.337792861747182,7.848062736266081,False
CUS000251,23,F,49708,High School,847,527,5,10,220,5,Never,2,1,1,3.4844139677024915,7.318321590166887,True
CUS000252,55,F,24169,High School,704,1669,16,10,315,3,Never,0,0,0,0.0,0.0,False
CUS000253,73,M,35580,Bachelor,773,2699,21,18,85,2,Monthly,0,1,0,0.8222413102605003,7.501781833176734,False
CUS000254,57,F,8819,Master,803,3990,3,17,233,3,Never,1,0,0,0.0,0.0,True
CUS000255,19,F,20831,Bachelor,841,9335,27,14,68,3,Daily,0,0,0,0.0,0.0,False
CUS000256,34,F,26175,Other,825,5609,7,5,185,3,Weekly,0,0,0,0.0,0.0,False
CUS000257,61,F,23878,High School,807,2370,111,11,106,2,Rarely,0,1,0,1.0517155994627103,8.263656235539422,False
CUS000258,31,F,41022,PhD,688,2349,33,20,128,2,Rarely,0,2,0,1.9268801585465074,9.616451960384556,False
CUS000259,48,M,18808,High School,662,5498,13,17,126,1,Daily,0,4,0,3.389384697135391,7.055282357683185,False
CUS000260,53,M,89038,PhD,753,13726,9,16,24,1,Never,1,1,0,1.7982138379469743,7.689483184751474,False
CUS000261,28,F,36321,Other,813,3468,18,16,36,3,Rarely,0,1,1,3.3245329366289535,7.702797271134586,False
CUS000262,41,M,36046,Other,697,1697,37,10,97,2,Never,0,0,0,0.0,0.0,True
CUS000263,18,F,27936,High School,826,905,19,20,23,8,Daily,0,0,0,0.0,0.0,False
CUS000264,26,F,41115,PhD,850,526,16,17,175,2,Rarely,1,2,0,1.250098795093192,7.29461880995961,False
CUS000265,38,M,70268,Other,628,6631,21,14,180,2,Monthly,0,0,0,0.0,0.0,True
CUS000266,23,M,18147,Bachelor,636,5964,10,13,116,2,Weekly,0,1,0,2.342024458104765,7.038467859002798,False
CUS000267,66,F,21450,Bachelor,705,5960,14,18,36,3,Never,2,1,0,2.929820578642562,7.200627042726856,False
CUS000268,20,M,28481,PhD,750,2554,2,23,271,5,Never,0,0,0,0.0,0.0,False
CUS000269,35,F,12373,High School,667,16128,53,15,459,3,Never,0,1,0,3.250153642474328,10.0,False
CUS000270,43,M,18856,Other,850,1667,27,22,101,2,Never,0,0,0,0.0,0.0,False
CUS000271,63,F,24810,High School,762,9379,9,16,135,2,Daily,0,0,0,0.0,0.0,False
CUS000272,20,M,73094,Bachelor,723,2845,134,12,105,2,Daily,2,2,0,1.7757443157006438,9.864912975228599,False
CUS000273,59,F,44803,Other,576,1436,21,22,137,1,Daily,0,4,0,2.2576653297846043,3.5857645516956262,True
CUS000274,42,M,42398,High School,588,6069,7,14,81,5,Daily,0,0,0,0.0,0.0,False
CUS000275,27,F,71733,Master,748,4873,47,22,87,2,Rarely,0,2,0,1.0300728120196065,7.437235013762,False
CUS000276,48,M,32536,PhD,506,4575,29,15,185,4,Daily,0,1,0,2.111624861917694,7.013991893045446,False
CUS000277,44,F,49631,PhD,821,3286,29,11,587,4,Rarely,0,1,0,3.8222513207305266,9.520344649079853,False
CUS000278,32,F,33437,Master,704,2848,13,16,29,4,Monthly,0,0,0,0.0,0.0,True
CUS000279,43,M,44904,Bachelor,850,52367,31,15,82,3,Daily,0,1,0,1.951414767892637,6.928425774717112,False
CUS000280,36,M,22783,Other,850,12346,15,20,35,3,Monthly,0,1,0,1.5311724360106438,7.502981433955603,False
CUS000281,43,M,5161,PhD,701,7096,35,14,321,4,Daily,0,1,0,3.289428114745898,5.700157817606149,False
CUS000282,51,F,32616,Master,709,3408,2,17,56,3,Monthly,0,0,0,0.0,0.0,False
CUS000283,65,F,113345,Master,819,9982,13,21,28,1,Weekly,0,0,0,0.0,0.0,True
CUS000284,23,F,76188,Bachelor,850,5550,112,17,149,4,Monthly,0,0,0,0.0,0.0,False
CUS000285,73,M,78615,Bachelor,556,3076,9,22,363,3,Rarely,0,1,0,6.976897340293663,8.62687482373886,False
CUS000286,18,M,97626,High School,541,2070,10,9,153,5,Never,0,1,0,6.59713334993525,4.512165960362564,False
CUS000287,39,F,38984,PhD,657,2705,12,13,106,3,Monthly,1,1,1,2.5363126304045105,6.389301156857585,True
CUS000288,50,F,42525,High School,778,66,5,16,124,2,Never,0,1,0,3.2715096624607574,4.891549427994164,True
CUS000289,46,Other,22156,Master,769,3838,2,19,279,4,Weekly,0,2,0,5.049629021983144,6.398177018390733,False
CUS000290,32,M,28201,Other,826,1658,15,18,44,3,Weekly,0,3,0,2.510917813778331,5.9020884416973605,False
CUS000291,38,F,59433,Other,600,20154,23,13,82,3,Rarely,0,0,0,0.0,0.0,False
CUS000292,34,M,95140,Bachelor,488,3050,19,12,62,1,Rarely,0,1,0,2.802907831984157,8.6738149389294,False
CUS000293,33,M,32482,Other,805,715,17,13,35,1,Monthly,0,4,0,1.8936690459460646,6.562169297639536,True
CUS000294,54,F,25332,Other,637,2807,20,13,69,5,Daily,0,1,0,7.271680323149058,9.98363746676057,False
CUS000295,47,F,36330,Other,518,849,55,18,218,2,Weekly,0,0,0,0.0,0.0,False
CUS000296,31,Other,58745,Master,734,5261,16,16,141,3,Never,1,1,0,3.187946029265937,6.518159429734482,False
CUS000297,55,M,11440,Other,799,4226,11,17,150,2,Daily,0,3,0,1.9471460012917827,4.834474971893715,False
CUS000298,46,M,5785,Other,707,9408,15,20,101,2,Weekly,2,3,0,1.6691810060111985,6.51458996857591,True
CUS000299,54,F,23378,Other,674,1153,35,8,136,2,Monthly,1,1,0,0.8793216639825874,7.953640464357779,False
CUS000300,51,F,13676,High School,704,3105,82,15,47,3,Weekly,0,3,0,1.0097871609416043,10.0,False
CUS000301,29,M,24184,Master,682,579,10,14,70,4,Rarely,0,2,0,1.5479403508073215,5.7103273049031005,True
CUS000302,33,M,32266,Bachelor,585,6917,22,15,104,3,Never,0,1,0,3.540130686234327,10.0,False
CUS000303,53,M,25270,High School,648,5556,28,16,112,2,Never,0,0,0,0.0,0.0,False
CUS000304,51,F,116072,PhD,772,5404,7,10,116,2,Rarely,0,3,1,2.619691635493966,6.620163111600731,False
CUS000305,41,M,47164,Master,752,2986,20,16,80,3,Daily,0,1,0,1.1883888717238364,6.109590986245998,True
CUS000306,43,M,46183,Master,736,4903,4,14,66,2,Rarely,0,1,0,1.4003766018358805,8.551322248733594,False
CUS000307,61,M,59740,PhD,620,20439,3,11,1125,4,Never,0,1,1,2.5620341138577425,9.846715589609747,False
CUS000308,33,M,14602,PhD,701,2117,28,16,185,3,Monthly,1,2,0,5.138380359214434,8.114248294589967,False
CUS000309,50,M,83390,PhD,502,3520,13,9,125,2,Daily,0,1,0,1.282767749773351,4.170186483819664,False
CUS000310,38,F,34179,Bachelor,737,809,24,14,74,4,Weekly,0,1,0,2.799577193284993,7.666071368523961,True
CUS000311,38,M,62092,Other,850,1051,19,14,62,4,Monthly,0,2,0,1.781194185795123,10.0,True
CUS000312,58,F,15406,Master,572,3352,7,13,81,5,Daily,0,0,0,0.0,0.0,False
CUS000313,54,M,10477,Other,661,11211,19,12,113,1,Never,0,2,0,1.8072217938358959,2.444538437215974,False
CUS000314,54,F,69864,Other,752,2191,5,12,19,5,Never,1,2,0,1.2377383220108058,7.746837809589051,False
CUS000315,61,F,49076,PhD,845,2245,80,13,25,3,Monthly,0,0,0,0.0,0.0,False
CUS000316,42,F,17647,Bachelor,675,1829,5,16,54,3,Daily,0,3,0,3.044229655700075,6.430870379264773,False
CUS000317,52,F,18110,High School,650,1569,16,12,106,1,Weekly,0,0,0,0.0,0.0,False
CUS000318,37,M,89352,Bachelor,523,4246,7,14,74,2,Weekly,0,1,0,1.7451753681026094,5.1283222546832,False
CUS000319,46,M,14023,Other,730,494,35,16,293,5,Rarely,2,0,0,0.0,0.0,False
CUS000320,40,F,135149,Bachelor,850,13865,14,16,27,3,Monthly,0,1,0,1.8668178298190383,9.066772310277443,False
CUS000321,43,Other,17667,PhD,747,1341,11,16,49,4,Daily,1,1,0,3.6406569326352383,3.524412950185799,True
CUS000322,50,F,60519,High School,717,7088,47,9,303,3,Monthly,0,0,0,0.0,0.0,False
CUS000323,29,F,27920,PhD,752,649,20,12,99,8,Weekly,1,1,1,3.7368845594194977,6.299582904754109,True
CUS000324,73,F,58838,High School,718,6651,33,14,182,3,Daily,0,1,1,1.5451032334137063,9.002255106213212,False
CUS000325,26,M,23498,Other,638,6676,7,13,464,4,Never,0,0,0,0.0,0.0,False
CUS000326,23,M,31881,High School,802,4726,4,17,51,1,Never,0,0,0,0.0,0.0,False
CUS000327,59,F,37523,High School,742,903,22,18,83,3,Daily,0,0,0,0.0,0.0,False
CUS000328,53,F,16289,High School,721,4021,14,17,72,4,Monthly,1,0,0,0.0,0.0,True
CUS000329,51,M,65687,Bachelor,622,720,37,19,18,4,Monthly,0,1,1,2.5817559613486383,8.77360716223298,False
CUS000330,51,F,24087,Bachelor,850,2201,18,12,70,4,Never,0,0,0,0.0,0.0,False
CUS000331,41,M,30246,Other,786,10252,24,13,182,4,Never,0,1,0,3.5012963207601087,8.192917745994835,False
CUS000332,28,F,16391,High School,664,7754,3,12,138,2,Weekly,0,1,0,2.030483766048056,7.345555505038703,False
CUS000333,43,M,4675,Master,820,3035,132,21,147,3,Daily,1,0,0,0.0,0.0,True
CUS000334,31,M,31168,Other,670,925,17,18,66,3,Monthly,0,2,0,3.11180340676333,6.75200844669558,False
CUS000335,56,F,250219,High School,641,6468,40,16,53,2,Weekly,0,1,0,1.8978441763497087,6.059597642837513,True
CUS000336,39,M,68028,High School,644,3051,8,13,248,2,Monthly,1,0,0,0.0,0.0,True
CUS000337,29,F,35760,Bachelor,542,184,27,15,60,4,Never,0,1,0,1.8718327582225165,5.057362592307798,True
CUS000338,37,F,29427,Other,767,7624,5,12,113,5,Daily,0,1,0,1.3964162355685599,8.626519133741924,False
CUS000339,48,F,36974,High School,536,2895,31,8,102,2,Rarely,0,3,0,5.23830099104625,7.421922892553982,False
CUS000340,33,M,56257,High School,597,12618,14,12,289,1,Daily,1,2,0,1.7468604305381465,8.685852198953553,False
CUS000341,29,M,14120,Other,512,800,20,12,195,3,Rarely,0,3,0,1.4909315823292977,5.437435411541547,False
CUS000342,45,M,88561,Master,711,65,40,15,31,2,Weekly,2,2,0,1.31957617891235,5.393853826085366,False
CUS000343,45,Other,64363,Other,704,4166,5,15,34,3,Rarely,0,2,0,2.3216031237745502,7.993239409831386,True
CUS000344,34,F,64508,Other,687,4229,10,16,143,4,Rarely,0,0,0,0.0,0.0,False
CUS000345,34,F,51574,Master,615,391,31,13,85,3,Weekly,0,0,0,0.0,0.0,True
CUS000346,45,F,36889,Other,602,921,163,13,62,1,Daily,1,4,0,1.3384667713404366,2.4450493024651614,True
CUS000347,20,F,62211,High School,766,81329,17,14,202,2,Weekly,0,0,0,0.0,0.0,False
CUS000348,20,F,58305,Other,664,2065,36,18,104,2,Never,0,0,0,0.0,0.0,False
CUS000349,31,M,27358,Master,751,7166,18,10,93,1,Never,0,0,0,0.0,0.0,False
CUS000350,38,F,22951,PhD,631,1365,140,14,167,5,Rarely,0,0,0,0.0,0.0,False
CUS000351,46,M,39398,Other,738,242,3,14,66,2,Weekly,1,5,0,1.5585018112489037,1.9423524628358395,True
CUS000352,64,F,125394,Bachelor,850,2430,22,24,315,3,Weekly,0,1,0,3.318385672750022,9.026294108052689,False
CUS000353,54,F,13476,High School,778,2167,3,19,47,1,Weekly,0,1,0,2.7853072919565998,5.585624225964554,True
CUS000354,39,F,11225,High School,678,1844,1,20,152,5,Daily,1,2,0,1.1358051804201237,7.386076149349976,True
CUS000355,41,M,41431,Bachelor,745,2597,27,11,283,1,Monthly,1,0,0,0.0,0.0,False
CUS000356,26,M,37824,Bachelor,695,4093,23,18,29,2,Monthly,0,1,0,3.1976366838801207,7.75929738556271,False
CUS000357,41,M,41717,Other,720,2489,15,15,68,3,Monthly,0,0,0,0.0,0.0,False
CUS000358,37,M,44141,Bachelor,687,654,18,12,224,4,Daily,0,0,0,0.0,0.0,True
CUS000359,46,M,30376,PhD,703,5342,445,20,227,2,Weekly,0,1,0,2.2623273520859266,9.070261727167724,False
CUS000360,29,F,119597,Master,741,287,15,14,78,3,Monthly,1,2,1,3.9297688919371994,6.120069291728837,True
CUS000361,49,F,10089,Bachelor,620,254,33,13,50,5,Weekly,0,0,0,0.0,0.0,False
CUS000362,64,M,18717,Bachelor,618,7237,10,18,193,7,Rarely,0,2,0,4.522182545646824,6.229386356439331,False
CUS000363,40,M,33436,PhD,581,5477,26,13,232,1,Monthly,0,0,0,0.0,0.0,False
CUS000364,48,M,9754,High School,559,2782,15,13,35,2,Rarely,0,0,0,0.0,0.0,False
CUS000365,52,F,31549,High School,598,558,13,13,34,2,Daily,0,1,0,0.9956723622814889,5.769190997570215,False
CUS000366,35,F,137197,Other,735,1274,123,11,107,3,Never,0,0,0,0.0,0.0,True
CUS000367,45,F,36927,PhD,630,2174,65,14,148,1,Daily,0,0,1,0.0,0.0,True
CUS000368,42,F,43676,Master,771,439,23,15,70,4,Daily,0,2,0,3.261917395661827,8.242202775484417,False
CUS000369,43,Other,13251,Master,723,1228,2,15,155,6,Daily,0,0,0,0.0,0.0,False
CUS000370,30,F,22179,PhD,523,6521,13,12,51,2,Monthly,0,0,0,0.0,0.0,False
CUS000371,42,M,26898,Master,785,16527,299,22,16,5,Rarely,1,1,0,5.039999395179548,8.330988950841794,False
CUS000372,49,F,28164,High School,801,1802,15,16,64,3,Monthly,0,1,0,2.471498136034041,9.556473846143819,False
CUS000373,63,M,101246,Master,620,7389,60,13,94,3,Never,0,0,1,0.0,0.0,False
CUS000374,56,F,56735,Master,762,299,84,10,72,4,Daily,0,1,1,3.1396412009998587,4.506996853793892,False
CUS000375,74,M,14925,PhD,634,6577,25,11,35,3,Weekly,0,2,0,2.4905035550457897,10.0,False
CUS000376,30,F,44232,PhD,729,1135,8,23,21,5,Never,1,2,0,3.631741814747247,6.375107146707971,False
CUS000377,55,F,54099,Master,593,4310,1,15,59,3,Rarely,0,0,0,0.0,0.0,True
CUS000378,44,F,90410,Bachelor,540,2214,39,13,184,8,Never,0,4,0,2.6959348629939193,6.903285383349587,True
CUS000379,74,F,128596,PhD,681,14537,8,21,245,2,Monthly,0,3,0,0.809623314333368,7.326854822471035,False
CUS000380,29,M,16121,Other,707,1043,23,14,232,3,Weekly,0,0,0,0.0,0.0,True
CUS000381,29,M,18983,Other,680,6330,5,14,46,4,Monthly,0,1,0,2.0946761651370047,5.178424433680461,True
CUS000382,33,M,13278,High School,601,2131,15,12,35,2,Daily,1,1,0,2.0280888440605414,6.176761332942851,False
CUS000383,18,M,30115,Master,680,2465,20,15,133,2,Daily,0,0,0,0.0,0.0,False
CUS000384,34,F,52737,Bachelor,746,2390,26,18,149,4,Never,1,4,0,3.18003483877242,9.921202935498922,False
CUS000385,30,M,80006,High School,715,1080,6,17,123,3,Daily,1,2,0,4.008524311151624,9.952380557079291,True
CUS000386,44,Other,34174,Master,738,2930,66,15,17,2,Daily,0,0,0,0.0,0.0,False
CUS000387,47,F,28116,PhD,652,2765,11,14,44,5,Rarely,1,1,0,1.9860841294897376,7.4102201375536,False
CUS000388,70,F,41003,Other,837,3981,3,25,87,3,Rarely,0,0,0,0.0,0.0,False
CUS000389,56,M,18618,Bachelor,602,3299,18,18,132,2,Monthly,0,1,0,1.2063049255034883,9.087574102487059,True
CUS000390,33,F,193228,Other,768,7766,20,13,166,3,Monthly,0,0,0,0.0,0.0,False
CUS000391,28,F,10035,PhD,838,9029,23,14,101,4,Rarely,2,2,0,2.593758131143549,7.821691652210833,True
CUS000392,49,F,42099,Master,768,844,78,15,117,2,Never,0,1,0,1.509873554550995,6.885698842665862,False
CUS000393,22,F,183301,PhD,699,8455,15,10,96,1,Rarely,0,1,0,1.6437323554111125,5.4924819125077855,False
CUS000394,69,F,36513,PhD,667,717,17,11,155,2,Monthly,2,0,0,0.0,0.0,True
CUS000395,59,M,31193,Other,823,6035,6,22,115,1,Weekly,0,3,0,7.323189371852288,5.2770896846534585,False
CUS000396,34,F,27283,Bachelor,577,6270,45,17,94,2,Daily,1,1,0,1.5858764945272472,5.484622028806943,False
CUS000397,18,M,31435,PhD,622,300,24,21,72,3,Weekly,0,0,0,0.0,0.0,True
CUS000398,62,M,108910,Other,680,3332,13,18,96,2,Weekly,0,2,0,1.0177177329190403,10.0,False
CUS000399,40,M,6188,Bachelor,843,1699,2,20,132,5,Daily,0,1,0,3.0095379112069,8.74647513471523,False
CUS000400,60,M,123840,Master,757,1199,85,12,111,2,Rarely,0,0,0,0.0,0.0,False
CUS000401,18,M,11624,Master,623,15078,5,12,122,3,Never,0,0,0,0.0,0.0,False
CUS000402,33,M,29339,High School,688,1360,11,4,263,1,Weekly,0,2,1,3.169345440629739,9.881957941847888,False
CUS000403,42,Other,25760,Other,658,1132,28,12,111,1,Never,0,1,0,3.453173787671358,7.7993584247111905,False
CUS000404,42,F,58153,Bachelor,649,3264,6,12,53,6,Monthly,0,1,0,3.3869361750501263,5.239007235881837,False
CUS000405,35,Other,10112,PhD,817,6786,4,16,182,1,Weekly,0,1,0,2.3936111904125905,8.206642551700789,True
CUS000406,51,M,52561,Master,582,2514,2,14,30,1,Monthly,1,1,0,2.4062157034906466,9.539482643091183,False
CUS000407,25,M,183404,Bachelor,850,12084,41,9,37,2,Rarely,0,0,1,0.0,0.0,False
CUS000408,39,F,12203,Other,802,5637,11,17,117,1,Weekly,0,5,0,3.560069016955994,8.279502908216909,False
CUS000409,43,M,42267,High School,829,218,375,18,136,2,Monthly,0,0,0,0.0,0.0,False
CUS000410,49,M,21384,Master,673,1579,7,21,33,2,Monthly,0,0,0,0.0,0.0,False
CUS000411,52,F,51057,Bachelor,705,1518,7,22,66,4,Rarely,0,1,0,4.974362675132894,4.366418882163455,False
CUS000412,25,M,36876,Bachelor,576,5298,11,19,55,2,Never,0,1,0,1.1848743793143537,4.051514380338989,False
CUS000413,18,F,21737,Bachelor,667,127,25,17,60,2,Never,0,1,0,1.6418997852042665,8.27279033334335,True
CUS000414,61,F,53653,Other,769,63501,12,23,191,4,Weekly,0,1,0,3.046417185037823,6.374960400316714,False
CUS000415,46,M,153810,Other,849,5637,37,16,158,3,Rarely,1,1,0,2.528037220566429,7.624777882903329,False
CUS000416,30,M,31172,Other,609,3564,7,22,88,4,Weekly,0,2,0,0.9091147345142061,5.553011580550146,False
CUS000417,65,F,64589,PhD,683,12306,5,15,58,2,Never,0,1,0,1.6709063566135598,7.253479243305908,False
CUS000418,43,M,12905,Bachelor,704,49631,3,19,30,1,Rarely,1,1,0,2.589182251628748,4.799432466794661,True
CUS000419,59,M,16896,Master,580,8475,2,7,280,1,Daily,1,2,0,2.239600995440916,7.494244798211027,False
CUS000420,43,Other,52993,Other,779,9307,11,15,144,2,Rarely,0,1,0,1.8599117257912303,8.456688450661707,False
CUS000421,72,M,119049,Other,647,3487,14,20,51,7,Rarely,1,0,0,0.0,0.0,False
CUS000422,68,F,48266,Bachelor,700,2515,10,9,160,1,Daily,0,1,0,7.185276670647431,8.567489617108523,False
CUS000423,38,Other,28269,Other,674,1684,69,15,85,6,Monthly,1,3,0,2.1980142091029506,4.386627348838704,False
CUS000424,56,M,36294,PhD,641,1106,68,14,71,2,Monthly,0,0,0,0.0,0.0,False
CUS000425,51,M,13355,PhD,719,1307,14,14,127,4,Monthly,0,2,0,2.498085152271116,7.937904004232045,False
CUS000426,62,M,58900,Other,698,589,3,15,49,4,Never,0,1,0,2.3785295200585623,5.824824791244859,True
CUS000427,27,M,73560,Bachelor,682,2721,11,22,68,3,Rarely,2,2,0,2.4739928019159994,10.0,False
CUS000428,52,M,25294,Bachelor,647,394,11,18,99,3,Daily,0,0,0,0.0,0.0,True
CUS000429,57,F,24933,Bachelor,751,3748,10,15,60,3,Never,0,1,0,2.2679202676939365,8.912178253047927,False
CUS000430,18,M,44922,High School,850,2853,9,13,153,3,Daily,1,1,0,0.7856979130054678,7.0517120937461915,False
CUS000431,24,F,25607,Other,733,3555,10,17,401,5,Never,1,4,0,1.3564860695697925,10.0,False
CUS000432,18,Other,34444,Bachelor,819,1593,13,15,49,3,Never,1,2,0,1.901363654967105,5.544609848391755,False
CUS000433,37,F,194809,PhD,580,119638,10,15,23,2,Never,0,1,1,3.3412995915702406,6.88602553976939,False
CUS000434,52,F,29803,Master,735,15247,24,11,18,3,Daily,0,1,1,1.9162384042423772,8.08265310666977,False
CUS000435,64,M,27264,Master,610,669,28,12,79,4,Weekly,0,1,1,1.4686034069523988,10.0,True
CUS000436,43,F,21632,Bachelor,572,3941,8,18,52,4,Never,0,0,0,0.0,0.0,True
CUS000437,66,F,65864,Master,646,1437,71,12,106,2,Monthly,0,0,0,0.0,0.0,True
CUS000438,21,M,31414,Master,839,882,7,18,100,4,Rarely,0,0,0,0.0,0.0,True
CUS000439,18,M,21601,High School,815,596,3,14,24,4,Weekly,0,1,0,3.568557637564606,9.92722078699708,True
CUS000440,41,F,104510,PhD,744,5007,29,17,21,2,Weekly,0,0,0,0.0,0.0,False
CUS000441,47,M,113060,PhD,566,1315,8,19,114,2,Daily,1,4,0,4.3734257572469115,8.603480347009793,False
CUS000442,41,M,22463,High School,700,9522,27,12,100,1,Weekly,0,0,0,0.0,0.0,True
CUS000443,18,M,8158,High School,750,9823,1,10,64,2,Daily,0,0,0,0.0,0.0,False
CUS000444,40,M,81308,Master,737,15501,80,13,23,3,Daily,0,2,0,1.034208539566084,5.2451447723015185,False
CUS000445,22,F,21000,Other,535,1071,39,17,131,5,Monthly,1,0,0,0.0,0.0,False
CUS000446,52,F,68357,Master,630,5273,4,18,249,4,Never,1,1,0,2.336054573138446,5.242223326452125,True
CUS000447,47,F,7509,High School,713,6367,4,12,112,2,Weekly,0,2,1,0.5856199310033644,8.390772063347319,True
CUS000448,27,M,74167,PhD,773,1687,106,14,45,4,Never,0,1,1,1.9046341811521814,4.495057006035331,True
CUS000449,34,M,13781,Master,500,1180,9,18,93,5,Never,0,2,0,5.709989099293473,7.640730879664895,False
CUS000450,26,F,65160,Other,703,20566,8,16,30,3,Never,0,3,0,2.3302445092867288,8.608455399076504,False
CUS000451,41,M,36732,Master,734,3916,2,14,209,4,Daily,0,0,0,0.0,0.0,True
CUS000452,56,M,16930,Bachelor,804,6394,14,15,96,2,Never,0,1,0,1.115676445616772,4.044577361365349,False
CUS000453,27,F,26222,Master,789,1111,15,15,21,1,Weekly,2,1,0,1.129498485810329,8.295717856374806,False
CUS000454,49,M,62884,High School,778,690,41,23,70,2,Daily,0,0,0,0.0,0.0,True
CUS000455,34,F,39526,PhD,640,1505,4,23,130,2,Weekly,1,1,0,1.3960991004333618,8.791764561074572,False
CUS000456,30,M,57961,PhD,529,2568,4,12,68,4,Daily,1,0,0,0.0,0.0,False
CUS000457,40,M,176513,High School,680,831,31,20,72,2,Rarely,1,0,1,0.0,0.0,False
CUS000458,26,M,10390,Bachelor,820,2945,54,18,33,5,Rarely,0,0,0,0.0,0.0,False
CUS000459,33,Other,132424,High School,850,392,4,12,141,5,Rarely,0,1,0,1.5906804288058702,6.273437777141534,False
CUS000460,24,F,39477,Master,791,777,59,10,53,2,Rarely,0,2,0,0.8638206274532519,6.686673730030907,True
CUS000461,71,F,17693,High School,762,6668,20,12,16,2,Daily,1,0,0,0.0,0.0,True
CUS000462,42,F,12528,High School,757,6152,59,17,66,2,Never,0,2,0,2.623818524739462,3.424729273456457,False
CUS000463,31,M,31216,Bachelor,664,1862,18,16,197,4,Monthly,0,0,0,0.0,0.0,False
CUS000464,45,F,75911,Master,706,878,1,19,66,4,Monthly,1,0,0,0.0,0.0,False
CUS000465,40,M,32792,Other,850,868,17,17,361,3,Rarely,0,1,0,2.9210271831960934,6.780687203966867,False
CUS000466,38,F,121652,Other,625,1904,57,16,126,3,Never,0,1,0,1.868051769999822,3.9487422308486213,False
CUS000467,51,M,11373,PhD,850,6460,8,18,118,5,Weekly,0,1,0,6.189537227415325,5.620090008416446,False
CUS000468,53,F,35965,High School,687,9080,13,13,81,2,Never,0,1,0,1.7954630763438504,6.195506267468051,False
CUS000469,34,M,13334,PhD,850,1642,16,17,85,3,Weekly,0,0,0,0.0,0.0,False
CUS000470,33,M,48577,Bachelor,579,746,1,14,72,3,Monthly,0,2,0,4.060878081441768,4.688304824789974,False
CUS000471,37,F,73829,Other,778,4110,106,14,70,3,Never,1,1,0,1.1119875788359546,4.506026607846131,False
CUS000472,18,M,25936,High School,646,1109,8,13,137,4,Never,1,1,0,2.5856390280660824,4.604241643205946,False
CUS000473,19,M,4521,Bachelor,578,1600,33,17,42,3,Monthly,0,0,1,0.0,0.0,True
CUS000474,62,M,42580,Bachelor,741,14622,18,9,38,2,Never,0,5,0,2.7871660272416463,9.441424290434297,False
CUS000475,66,M,51502,High School,820,8042,70,20,36,4,Weekly,0,3,0,1.5600259465984845,6.859905158078011,False
CUS000476,38,F,50183,Bachelor,635,3603,30,19,462,3,Never,0,2,0,2.4196215267592307,9.532675713797776,True
CUS000477,50,F,97599,High School,570,647,15,15,137,3,Weekly,1,1,0,1.5521141598431591,6.190287820157038,False
CUS000478,46,F,15415,High School,710,3841,8,14,114,5,Rarely,0,0,0,0.0,0.0,True
CUS000479,85,F,62578,Master,711,10669,44,12,38,1,Never,1,0,0,0.0,0.0,False
CUS000480,58,M,94278,PhD,774,1899,3,15,148,6,Weekly,0,0,0,0.0,0.0,True
CUS000481,40,F,8752,Bachelor,814,15083,38,19,82,2,Monthly,0,0,0,0.0,0.0,False
CUS000482,27,M,46897,Bachelor,714,14062,6,18,106,2,Rarely,1,0,0,0.0,0.0,False
CUS000483,18,M,24261,Master,850,21949,70,8,41,3,Never,0,1,0,1.9041626767399698,6.23322367415671,False
CUS000484,45,F,34022,Master,742,4299,23,17,102,2,Weekly,0,0,0,0.0,0.0,False
CUS000485,30,M,47960,Master,685,6032,38,20,64,2,Never,1,0,0,0.0,0.0,False
CUS000486,20,F,24593,Other,558,16269,21,16,48,1,Weekly,0,1,0,1.9319811626784846,6.152900502895026,False
CUS000487,32,M,21150,Other,693,5099,3,15,161,2,Never,1,0,1,0.0,0.0,True
CUS000488,25,F,37321,Other,686,1633,8,21,26,2,Rarely,0,0,0,0.0,0.0,True
CUS000489,67,F,15217,High School,816,1740,39,14,141,2,Rarely,0,0,0,0.0,0.0,False
CUS000490,55,F,15234,Bachelor,766,3968,23,12,155,2,Never,0,1,0,1.102178431486515,1.0361361743130502,False
CUS000491,41,F,62536,PhD,602,633,65,13,44,1,Never,0,1,0,2.89054428766513,8.013098870003747,True
CUS000492,64,F,14486,High School,737,2510,30,15,46,4,Daily,1,2,0,2.9921481515001767,6.786144810180479,True
CUS000493,43,M,61886,Bachelor,787,11112,7,17,75,2,Never,0,0,0,0.0,0.0,False
CUS000494,29,F,52579,Bachelor,850,214,9,16,112,3,Never,0,0,1,0.0,0.0,False
CUS000495,64,M,9130,Master,808,18795,22,11,79,2,Rarely,1,1,0,1.8465557579019027,7.102808097179578,False
CUS000496,50,F,21119,Master,796,11462,1,12,127,2,Never,0,1,0,2.511846199008747,2.8178391508262504,False
CUS000497,26,F,94399,High School,726,1716,107,11,368,2,Monthly,0,0,0,0.0,0.0,False
CUS000498,39,F,16565,Master,758,5721,31,10,59,2,Never,0,0,0,0.0,0.0,True
CUS000499,28,M,25046,Bachelor,844,2992,68,18,22,5,Daily,0,0,1,0.0,0.0,True
CUS000500,21,M,52556,Master,586,13042,4,15,174,6,Weekly,0,0,0,0.0,0.0,False
CUS000501,55,F,67962,Other,685,9693,69,16,346,2,Rarely,0,1,0,1.4051127175457494,6.942739235078154,False
CUS000502,70,M,29696,Master,642,555,187,15,123,1,Monthly,0,0,0,0.0,0.0,False
CUS000503,21,M,22516,Bachelor,757,6031,5,22,37,4,Weekly,0,2,0,1.1898646988145651,6.122896433693274,False
CUS000504,50,M,113311,High School,843,2329,43,16,81,5,Monthly,0,1,0,1.8221777703048985,7.25124462131008,False
CUS000505,32,F,145964,PhD,660,3292,20,23,36,5,Rarely,0,0,0,0.0,0.0,False
CUS000506,34,F,79466,Master,480,1244,4,12,150,5,Daily,0,1,0,3.144045150033751,6.848143162204163,False
CUS000507,33,M,38880,Bachelor,678,24288,32,14,30,4,Rarely,0,1,0,2.143169015329921,6.02921121781216,False
CUS000508,29,M,19022,PhD,811,10384,46,19,70,3,Monthly,0,2,0,1.7873858904561555,8.126227054358646,False
CUS000509,42,M,18688,PhD,773,1226,11,17,40,1,Monthly,1,1,1,2.632219811013684,9.049392808212463,False
CUS000510,29,F,55160,Other,762,600,64,12,99,4,Rarely,0,0,0,0.0,0.0,True
CUS000511,46,F,50752,PhD,692,1876,3,18,67,4,Never,0,1,0,1.407854964316525,6.184406223593999,True
CUS000512,41,M,111444,Bachelor,592,5021,4,11,103,3,Rarely,1,1,0,1.2054707124579542,4.10328814355854,False
CUS000513,38,M,61105,Bachelor,771,3976,23,12,91,2,Daily,1,1,0,1.8657047912439189,4.234923121532997,False
CUS000514,28,M,10911,Master,636,13410,20,15,40,3,Rarely,0,0,0,0.0,0.0,False
CUS000515,33,F,84251,Master,850,7691,9,13,148,2,Weekly,0,0,0,0.0,0.0,False
CUS000516,53,F,16342,Master,777,9542,45,14,86,1,Never,0,1,1,1.4549544250722668,7.845650277452606,True
CUS000517,49,M,26710,PhD,661,4412,34,10,40,5,Weekly,0,1,0,1.227802316450162,9.591626351726497,False
CUS000518,27,M,44362,PhD,658,562,47,20,540,2,Rarely,0,0,0,0.0,0.0,True
CUS000519,43,M,179249,Other,710,2357,17,14,131,5,Never,1,0,0,0.0,0.0,False
CUS000520,53,Other,437107,Master,696,10637,36,17,79,3,Weekly,0,0,1,0.0,0.0,False
CUS000521,18,M,59005,High School,831,2802,12,17,279,2,Weekly,0,4,0,3.4972345350516174,3.37280294107198,True
CUS000522,50,F,31364,Other,738,5451,156,18,392,4,Never,0,2,0,6.695952446507207,4.964274116973508,False
CUS000523,32,F,55692,High School,646,2033,8,15,80,3,Never,0,0,0,0.0,0.0,True
CUS000524,50,M,73874,PhD,850,866,164,15,118,2,Monthly,0,1,0,1.0229532770309693,6.334995980962965,False
CUS000525,30,M,28098,Other,724,2570,20,20,40,1,Never,0,0,0,0.0,0.0,False
CUS000526,18,M,152690,Other,796,4319,5,12,80,1,Rarely,0,2,0,1.807696034487695,2.9195410018292094,True
CUS000527,18,F,43654,Bachelor,659,1357,78,9,76,5,Daily,0,1,0,2.428395362007752,6.806674356470418,False
CUS000528,42,F,54078,PhD,756,2246,22,16,104,5,Monthly,0,1,0,0.9414796307996496,7.726241596670068,False
CUS000529,45,F,61866,PhD,751,965,47,21,117,4,Never,0,3,0,1.9909666984319982,7.959596647993941,True
CUS000530,28,F,50882,Other,531,11419,68,9,140,2,Daily,1,0,0,0.0,0.0,True
CUS000531,51,M,71050,PhD,850,2093,28,15,108,2,Monthly,0,4,0,2.0646209396681594,6.200428975481918,False
CUS000532,18,Other,22163,Other,849,17039,11,13,34,5,Rarely,1,0,0,0.0,0.0,False
CUS000533,41,F,23233,Bachelor,680,18666,53,17,42,2,Daily,0,2,0,2.8291617049156335,6.287067994799237,False
CUS000534,23,M,15061,Other,609,2704,20,15,58,4,Never,0,0,0,0.0,0.0,True
CUS000535,32,Other,51616,PhD,754,888,39,24,71,2,Never,0,2,1,1.5123039641118186,4.957464945377273,False
CUS000536,42,F,67720,PhD,728,243,2,15,208,4,Rarely,1,0,0,0.0,0.0,False
CUS000537,29,F,52376,Other,755,509,31,13,35,3,Monthly,0,0,0,0.0,0.0,True
CUS000538,36,F,138634,Other,739,573,10,9,67,3,Daily,0,0,0,0.0,0.0,True
CUS000539,57,F,36153,Other,770,15586,104,12,192,4,Rarely,1,4,0,1.6782335219117854,3.4574555685611936,False
CUS000540,33,F,62006,Master,850,3425,37,15,70,4,Monthly,1,3,0,3.61732716572125,6.624982854939022,False
CUS000541,54,M,15163,PhD,776,4757,25,8,130,3,Weekly,0,2,0,2.7448098772497436,7.81668926148804,False
CUS000542,25,M,26644,PhD,615,207,32,16,80,2,Weekly,0,0,0,0.0,0.0,True
CUS000543,49,F,63350,Master,850,707,7,15,110,2,Monthly,0,3,0,3.202676349045728,7.0320369976258865,True
CUS000544,63,M,71630,Other,850,8642,101,15,74,3,Never,1,0,0,0.0,0.0,False
CUS000545,18,M,28704,Bachelor,850,4205,147,13,153,3,Never,1,2,0,0.9258534891034924,9.218059789060218,False
CUS000546,30,M,34293,Other,607,2498,29,23,26,4,Weekly,0,2,1,1.5933454317673792,7.69077436178156,True
CUS000547,50,M,10782,Other,744,5871,98,8,67,1,Never,0,1,0,4.749941732457344,8.319009658711778,True
CUS000548,38,F,27292,Master,511,21225,11,21,114,5,Never,0,2,0,2.1340675891670013,7.335406733949883,False
CUS000549,47,F,74035,PhD,775,2286,9,13,137,4,Monthly,1,3,1,2.0899442599182514,10.0,True
CUS000550,32,M,57535,Other,665,3239,20,14,297,1,Monthly,0,1,0,2.135868633345569,6.020350400668308,False
CUS000551,43,M,54205,PhD,850,3756,31,17,65,3,Never,0,0,0,0.0,0.0,False
CUS000552,39,M,37790,High School,642,52603,13,11,294,1,Monthly,0,1,0,4.87927759633928,8.357542313306896,False
CUS000553,59,F,36521,PhD,551,240,34,13,53,3,Daily,0,2,0,1.5324900676622935,7.495606696028643,True
CUS000554,45,F,21412,Bachelor,672,6767,27,13,260,2,Weekly,0,1,0,3.1134493958583085,8.476035501634795,False
CUS000555,47,M,63516,Bachelor,522,2597,7,10,173,5,Daily,1,2,0,2.539504617918883,7.667016093511947,False
CUS000556,35,F,50857,Other,795,5884,33,18,43,2,Daily,0,0,0,0.0,0.0,False
CUS000557,34,F,53831,PhD,513,1354,47,9,115,1,Never,0,1,0,1.1240017514496006,6.9152156675120615,False
CUS000558,35,F,23841,Other,722,2810,23,17,86,3,Never,0,3,0,1.9168692577727435,7.7564485573330595,False
CUS000559,47,F,6485,Master,512,7000,63,19,148,3,Daily,0,0,0,0.0,0.0,False
CUS000560,35,M,87353,Bachelor,687,124927,5,17,75,2,Daily,1,2,0,1.4668312596871722,8.006705496964512,False
CUS000561,46,F,24758,Other,850,7860,32,14,70,3,Rarely,0,2,0,1.1774797573541793,8.267250555846285,False
CUS000562,73,M,18210,Master,756,1077,6,16,269,4,Rarely,0,2,0,4.047933867028648,9.926572861687829,False
CUS000563,55,F,63245,Other,633,1792,6,15,83,3,Weekly,0,0,0,0.0,0.0,True
CUS000564,37,F,26539,PhD,716,1730,10,14,174,2,Daily,1,2,0,1.2092782061706222,7.38737169346968,False
CUS000565,60,F,84791,PhD,721,345,7,7,75,1,Monthly,0,2,0,3.2370166320446447,4.805250836214,False
CUS000566,35,F,59492,PhD,767,2005,11,14,341,3,Rarely,0,1,0,1.4465662351258446,7.329181640918158,False
CUS000567,18,M,62746,PhD,583,7182,16,6,52,3,Never,2,0,0,0.0,0.0,True
CUS000568,26,F,12176,High School,779,646,46,12,55,2,Daily,0,0,0,0.0,0.0,False
CUS000569,18,Other,95755,Master,449,10490,14,10,304,4,Monthly,1,2,0,4.387268377250475,6.110161972760015,False
CUS000570,36,F,44756,Master,657,5352,4,11,63,2,Monthly,0,0,0,0.0,0.0,False
CUS000571,42,M,27026,PhD,671,1235,62,13,324,5,Monthly,0,0,0,0.0,0.0,True
CUS000572,67,M,40729,High School,783,2515,8,15,183,4,Never,1,2,0,1.804157194428217,6.055365247952997,True
CUS000573,46,M,8769,PhD,722,20292,18,18,79,5,Rarely,0,2,0,2.6322231345623144,6.3571600627942395,False
CUS000574,38,F,50358,High School,579,7188,31,12,21,4,Monthly,1,0,1,0.0,0.0,False
CUS000575,54,F,15938,PhD,621,3012,24,15,88,1,Rarely,1,0,1,0.0,0.0,True
CUS000576,18,M,12306,Bachelor,739,2241,59,12,97,4,Weekly,1,2,0,1.676753724756706,5.194541797038846,False
CUS000577,45,F,10744,Bachelor,712,3267,32,11,229,2,Never,0,0,0,0.0,0.0,True
CUS000578,53,F,88446,Other,662,1613,8,17,320,1,Rarely,0,1,0,0.7531341454373089,2.2011845112104425,False
CUS000579,19,F,21951,PhD,671,238,177,19,52,3,Rarely,0,0,0,0.0,0.0,True
CUS000580,59,F,123869,Master,789,34565,24,11,170,4,Monthly,0,2,0,0.9667933260176715,9.950405676807424,False
CUS000581,47,F,23655,Other,668,3591,17,17,166,4,Monthly,0,2,0,0.861542813929721,6.022947437942612,False
CUS000582,35,F,9266,Bachelor,711,4806,52,21,212,1,Never,0,4,0,2.526695275216212,3.571069870828432,False
CUS000583,51,M,14865,PhD,850,2780,25,18,134,1,Rarely,0,1,0,2.193873752561223,7.357614147971259,False
CUS000584,76,F,97601,Other,577,1233,29,14,19,4,Daily,0,0,0,0.0,0.0,False
CUS000585,44,F,32057,PhD,534,2384,242,14,79,3,Monthly,0,1,1,2.9961852122035566,8.23128143369247,False
CUS000586,45,F,23420,Bachelor,798,437,15,14,35,6,Monthly,0,1,0,1.584717212263344,6.643871499764193,False
CUS000587,35,F,41275,Other,652,45821,14,16,76,4,Weekly,1,3,0,0.7515266188681596,4.422776411269737,False
CUS000588,29,F,54253,Bachelor,688,677,22,6,197,2,Never,0,2,0,4.2672078507095925,4.168771912815982,True
CUS000589,54,M,88780,High School,641,864,58,10,114,2,Rarely,1,2,0,3.650924880270727,10.0,False
CUS000590,29,M,115705,Bachelor,694,1757,4,9,225,2,Rarely,0,1,0,2.683049424773179,4.1792608455166045,False
CUS000591,43,M,27233,PhD,850,13984,2,12,118,3,Rarely,0,1,0,3.878456644382571,3.7419982242817866,False
CUS000592,34,M,12571,Master,800,3033,11,22,31,1,Monthly,0,0,0,0.0,0.0,True
CUS000593,49,F,26087,Bachelor,806,676,3,14,11,5,Never,0,1,0,2.1153164434811496,6.382475844577885,True
CUS000594,47,Other,44722,Master,578,13429,13,15,101,1,Rarely,0,2,0,2.5410781936272104,8.643696242826302,False
CUS000595,57,M,16797,High School,604,7166,33,13,75,3,Daily,1,1,0,1.5654648606933768,10.0,False
CUS000596,34,M,16886,Other,436,5688,8,13,41,3,Weekly,0,0,0,0.0,0.0,True
CUS000597,37,F,47811,Other,639,7036,4,18,23,2,Weekly,1,1,0,1.3029759735076478,6.573403134106334,True
CUS000598,27,M,34929,Master,815,52745,21,16,50,2,Rarely,1,0,0,0.0,0.0,False
CUS000599,35,F,37280,Other,771,41032,47,12,77,4,Monthly,0,1,0,1.011727599394656,6.545791527333058,False
CUS000600,47,F,19795,Bachelor,697,1307,3,12,153,3,Weekly,0,0,0,0.0,0.0,False
CUS000601,53,F,30202,Master,717,20924,45,15,104,6,Weekly,0,0,0,0.0,0.0,False
CUS000602,28,M,17337,PhD,651,4721,45,23,325,2,Weekly,0,1,0,1.5274801949412693,4.432068033137786,False
CUS000603,55,M,74025,Bachelor,740,5425,52,17,39,5,Weekly,0,0,0,0.0,0.0,False
CUS000604,62,F,83133,Bachelor,796,391,67,16,182,3,Rarely,0,0,0,0.0,0.0,True
CUS000605,48,F,8292,Bachelor,558,2429,181,12,93,3,Never,0,0,0,0.0,0.0,False
CUS000606,70,M,17264,PhD,749,1123,14,13,156,3,Never,0,1,0,8.42316497028013,9.176502965850094,False
CUS000607,30,F,10968,High School,813,8051,22,6,63,5,Monthly,0,1,0,1.040668520268514,6.860557279723396,False
CUS000608,23,M,21589,Other,678,10778,13,17,212,1,Daily,0,0,0,0.0,0.0,True
CUS000609,18,F,33970,Master,790,247,20,14,113,2,Never,0,0,0,0.0,0.0,True
CUS000610,64,M,11387,High School,850,2903,93,14,52,2,Daily,0,0,0,0.0,0.0,False
CUS000611,51,F,17370,Master,709,11455,5,14,89,4,Never,0,0,0,0.0,0.0,False
CUS000612,41,M,16266,Other,759,2382,8,23,74,2,Never,0,0,0,0.0,0.0,False
CUS000613,46,M,42865,PhD,646,7150,79,15,133,2,Monthly,0,0,0,0.0,0.0,False
CUS000614,25,M,38387,Bachelor,738,4543,55,15,35,4,Weekly,0,1,0,1.3925961095676431,6.925900938388578,False
CUS000615,78,M,20386,Bachelor,766,4491,13,13,87,3,Monthly,1,0,0,0.0,0.0,False
CUS000616,43,F,41833,PhD,739,2152,47,16,123,7,Never,0,1,0,2.3549771261219283,7.86687799154082,True
CUS000617,43,Other,23450,High School,618,692,28,12,92,5,Weekly,3,1,0,7.379662123657354,7.60367198098872,True
CUS000618,52,M,29221,High School,740,776,90,14,264,2,Weekly,0,0,1,0.0,0.0,True
CUS000619,49,M,138518,Master,850,6982,21,26,167,2,Weekly,1,0,0,0.0,0.0,False
CUS000620,45,F,106124,PhD,764,3051,56,14,89,2,Daily,0,0,0,0.0,0.0,False
CUS000621,30,F,12840,High School,816,2524,282,14,107,3,Never,0,2,0,1.31673590358627,6.719437067230093,False
CUS000622,49,F,70529,PhD,696,1792,36,12,114,3,Rarely,1,1,0,1.6252880034868582,9.641959166939873,False
CUS000623,70,M,69502,Other,794,2066,21,15,124,8,Monthly,0,0,1,0.0,0.0,False
CUS000624,62,M,14492,Bachelor,747,10470,41,18,20,4,Daily,0,0,0,0.0,0.0,True
CUS000625,65,F,69914,Bachelor,624,1993,13,13,70,2,Monthly,0,1,0,3.1135154925738346,3.792625708845371,False
CUS000626,34,M,124286,Bachelor,751,596,218,13,27,2,Rarely,0,2,0,3.026691445815512,7.422587705750272,False
CUS000627,27,F,14793,PhD,620,7276,24,11,250,2,Weekly,0,4,0,1.5726140442073224,7.814338562870614,True
CUS000628,40,M,17430,PhD,656,2331,15,12,85,2,Rarely,1,0,0,0.0,0.0,False
CUS000629,42,F,81971,Master,738,3095,8,15,77,3,Monthly,0,0,1,0.0,0.0,False
CUS000630,58,M,45125,Bachelor,749,20518,60,11,184,3,Rarely,1,2,0,1.4666916069790943,6.175213522237943,False
CUS000631,18,F,56453,Master,601,2908,47,11,126,2,Never,0,1,0,2.784171289620775,8.232899394944743,False
CUS000632,64,F,47689,Bachelor,825,4217,12,18,36,4,Rarely,0,2,0,1.9118906107638534,8.326177395962413,False
CUS000633,39,F,49640,Master,777,724,35,19,85,2,Never,0,1,1,2.5695895554814325,9.219628730460332,True
CUS000634,35,M,12566,Master,649,2290,4,11,68,1,Rarely,0,2,0,2.044858511312928,6.776880645736139,True
CUS000635,26,F,83939,Other,566,6194,24,10,22,3,Never,0,0,0,0.0,0.0,False
CUS000636,18,F,92565,Master,705,461,31,15,51,6,Never,1,1,0,2.6529315854725386,6.565702401292517,True
CUS000637,54,F,30226,PhD,675,3793,110,18,77,3,Rarely,0,1,0,2.793813894668977,8.078388963285008,False
CUS000638,43,F,35074,Master,731,3364,9,17,82,3,Daily,0,2,0,0.840391390775525,6.605033532674769,False
CUS000639,22,F,10669,Bachelor,683,3132,5,13,27,2,Weekly,0,0,0,0.0,0.0,True
CUS000640,22,F,54797,Master,519,10348,8,12,226,4,Weekly,0,2,0,1.765600923404859,3.957312095072276,True
CUS000641,36,M,57391,High School,681,4452,5,19,82,2,Weekly,0,0,0,0.0,0.0,True
CUS000642,67,F,34552,Bachelor,689,17565,76,13,92,2,Never,1,2,0,2.629644783914176,8.724846744436887,False
CUS000643,38,F,89275,High School,783,904,94,15,124,3,Weekly,0,2,0,3.3377246928494895,3.331429638192237,False
CUS000644,19,M,27798,Bachelor,650,3509,27,11,47,4,Never,0,1,1,1.8851545654043644,7.80335385780692,False
CUS000645,38,M,57050,PhD,850,3298,68,11,129,2,Daily,0,0,0,0.0,0.0,True
CUS000646,37,M,16062,PhD,528,826,22,22,67,5,Rarely,0,0,0,0.0,0.0,True
CUS000647,18,F,35637,PhD,850,9391,18,20,43,4,Rarely,1,1,0,0.8849049546336845,10.0,False
CUS000648,41,F,31587,High School,697,48514,14,17,142,4,Never,0,1,1,4.156020112886786,8.066429507288188,False
CUS000649,38,F,43488,Other,805,2920,14,18,296,3,Never,1,0,0,0.0,0.0,False
CUS000650,52,F,27021,Bachelor,727,5464,4,11,160,5,Daily,1,1,0,3.4137989761142813,5.611787837399342,False
CUS000651,69,M,32689,PhD,833,3299,26,19,188,4,Weekly,0,0,0,0.0,0.0,False
CUS000652,58,M,70321,Bachelor,681,1266,19,14,59,3,Daily,0,2,0,2.3460494867853834,6.097271653489757,False
CUS000653,37,M,25606,High School,610,335,42,13,25,4,Rarely,0,1,0,1.7642816619897064,7.741247532250953,False
CUS000654,25,M,10044,Other,850,1278,22,15,296,3,Rarely,0,1,1,3.004637401922251,6.957256479468092,False
CUS000655,80,M,147217,High School,708,560,17,9,465,2,Weekly,0,2,0,1.7727362798532171,8.512505058642581,False
CUS000656,42,M,109662,Bachelor,742,23038,8,15,309,3,Rarely,0,0,0,0.0,0.0,True
CUS000657,42,F,12915,Other,843,2596,21,12,68,5,Never,0,0,0,0.0,0.0,False
CUS000658,41,F,63055,Other,616,1968,42,15,35,4,Rarely,1,2,0,3.448726302500898,9.900167301449052,False
CUS000659,44,Other,24285,High School,779,8664,6,22,38,6,Monthly,0,1,0,5.465074865758396,9.628824179922008,False
CUS000660,39,F,44837,PhD,661,775,21,14,23,3,Weekly,0,1,0,1.7440065670549614,4.6883705888295495,True
CUS000661,33,F,45953,Bachelor,706,1187,25,19,82,1,Weekly,0,0,0,0.0,0.0,False
CUS000662,33,M,30105,Master,727,3234,9,10,325,2,Weekly,0,1,1,3.2878070719782886,7.031997540259385,False
CUS000663,41,F,19399,Master,569,10244,11,16,80,2,Monthly,0,1,0,1.6038821153797638,7.985603273844967,False
CUS000664,33,F,20901,High School,642,5442,25,18,114,1,Daily,1,1,0,3.7198306377997725,10.0,True
CUS000665,31,M,17449,Bachelor,850,4015,6,12,270,1,Never,0,1,0,1.9674476901599687,7.718348937318983,False
CUS000666,43,M,18667,Bachelor,808,3273,28,24,65,5,Weekly,2,0,0,0.0,0.0,True
CUS000667,38,F,34415,High School,713,4818,8,16,458,3,Rarely,0,0,0,0.0,0.0,False
CUS000668,64,M,20483,Bachelor,744,3797,58,13,443,5,Never,0,0,0,0.0,0.0,True
CUS000669,18,F,62670,PhD,690,866,208,17,81,2,Rarely,0,2,1,4.590159009594034,5.63259942642641,True
CUS000670,58,F,119347,High School,850,3150,8,17,56,2,Never,1,0,0,0.0,0.0,False
CUS000671,60,M,22832,PhD,699,821,34,15,157,2,Never,0,0,0,0.0,0.0,True
CUS000672,18,M,43981,Bachelor,743,3285,9,15,68,7,Rarely,0,1,0,1.9370507408769109,7.870085469868936,True
CUS000673,36,M,54162,High School,834,1674,56,18,35,3,Rarely,0,2,0,1.4206889077220286,10.0,False
CUS000674,36,M,52976,Bachelor,642,62771,5,14,250,3,Never,0,1,0,1.8829241494544846,6.495197055961999,False
CUS000675,20,M,38590,High School,850,2841,32,10,238,4,Weekly,0,1,0,1.9906660490486907,5.597327494779224,False
CUS000676,30,F,65784,Bachelor,566,552,8,21,101,7,Rarely,0,0,0,0.0,0.0,True
CUS000677,25,M,53412,PhD,850,2537,16,12,32,5,Monthly,0,3,0,2.5047109821364644,6.9350568593649315,False
CUS000678,68,F,13492,PhD,682,5559,7,9,33,3,Monthly,0,1,0,1.888087647339309,5.69824927059959,False
CUS000679,56,M,72789,Bachelor,695,22204,45,20,98,2,Never,0,0,0,0.0,0.0,False
CUS000680,61,F,73853,High School,530,1469,8,16,60,3,Daily,0,0,0,0.0,0.0,False
CUS000681,52,M,19719,Master,674,446,34,7,68,3,Never,0,2,0,2.516183523912255,8.653976819022265,True
CUS000682,25,M,37434,PhD,616,7944,14,20,203,2,Never,1,0,0,0.0,0.0,False
CUS000683,34,F,62734,PhD,659,568,17,8,161,1,Weekly,0,0,0,0.0,0.0,False
CUS000684,49,F,30716,Master,706,1766,23,13,271,1,Weekly,0,0,0,0.0,0.0,False
CUS000685,23,M,85680,Bachelor,815,2188,9,20,40,2,Daily,0,1,0,2.5384678771745888,5.712814595768934,False
CUS000686,52,F,240649,High School,740,2741,24,22,68,3,Daily,0,2,0,1.79729185898133,9.585065931385579,False
CUS000687,38,M,19364,Bachelor,750,6815,92,17,165,5,Daily,0,0,0,0.0,0.0,False
CUS000688,36,F,12030,Other,610,1312,9,14,128,1,Daily,0,1,0,2.622694120784075,7.990572587778722,False
CUS000689,52,M,46307,PhD,631,2146,64,21,306,5,Daily,0,2,0,1.6601025355511239,8.393995527924906,False
CUS000690,48,M,64682,Other,850,2930,89,12,126,6,Never,0,0,0,0.0,0.0,True
CUS000691,36,F,30191,PhD,646,3567,8,12,394,3,Never,0,0,0,0.0,0.0,False
CUS000692,59,F,116146,PhD,850,3352,4,16,138,2,Monthly,1,2,0,6.049085076047001,8.378675313468937,False
CUS000693,25,M,12445,Other,695,5030,27,7,210,3,Monthly,0,0,0,0.0,0.0,False
CUS000694,51,F,63217,Other,720,8205,11,18,69,2,Rarely,0,2,0,2.5845765773216853,8.703739267149661,False
CUS000695,50,F,22366,Bachelor,827,4775,130,14,91,2,Never,0,1,0,3.0227361680099443,6.381254222495609,False
CUS000696,37,M,143702,Other,847,5137,20,11,186,3,Daily,0,1,0,2.0184463823364958,5.0438673169785275,False
CUS000697,46,F,178798,Bachelor,708,446,9,18,327,1,Rarely,0,2,0,1.552244416780101,6.047682494189466,False
CUS000698,23,M,19666,Bachelor,681,3166,6,19,161,1,Weekly,1,1,0,3.380420789827712,8.852707544686027,False
CUS000699,55,F,23396,Bachelor,714,5299,59,18,84,4,Never,0,2,0,2.6246384731906467,3.467037911695077,False
CUS000700,39,F,72234,PhD,753,7149,11,18,270,3,Monthly,0,0,0,0.0,0.0,False
CUS000701,34,F,26643,PhD,809,1298,20,19,15,3,Never,0,1,1,0.6025200901144124,3.000798838106294,True
CUS000702,57,M,35019,Other,720,1351,52,10,28,1,Never,0,1,0,5.828876886254457,7.4491325500144905,False
CUS000703,31,M,37060,PhD,781,1496,12,22,155,2,Never,1,2,0,3.2184908247650745,8.688484020211915,False
CUS000704,20,M,7818,Other,850,5674,19,20,91,1,Never,1,0,0,0.0,0.0,False
CUS000705,18,M,35915,PhD,758,10307,19,11,146,2,Weekly,1,0,0,0.0,0.0,False
CUS000706,51,M,20914,High School,751,1828,39,13,94,1,Monthly,0,0,1,0.0,0.0,False
CUS000707,22,F,24477,High School,568,8862,36,9,142,3,Never,1,0,1,0.0,0.0,False
CUS000708,68,M,115255,Other,456,3457,16,14,46,4,Weekly,0,2,0,1.8394538457225975,8.959981325595667,False
CUS000709,18,M,13290,PhD,758,2567,21,10,142,3,Rarely,0,1,1,3.012638318303758,5.09840667461147,True
CUS000710,67,F,69603,PhD,710,2313,13,16,199,6,Never,0,0,1,0.0,0.0,True
CUS000711,45,M,29051,Bachelor,668,7302,4,15,238,5,Weekly,1,2,0,2.747858700780134,4.640876145374948,False
CUS000712,40,F,29033,Master,744,4405,25,19,450,3,Daily,0,0,1,0.0,0.0,True
CUS000713,33,M,68343,Other,713,45751,133,12,109,2,Rarely,0,1,0,2.8509204532423174,5.627758750450656,False
CUS000714,47,F,47669,Master,832,1072,8,13,112,3,Monthly,2,2,0,1.440131699050224,6.214402628206411,False
CUS000715,41,M,57324,Master,728,5550,9,15,26,2,Never,0,1,0,2.306146164892413,6.329398317753107,False
CUS000716,58,M,78790,Other,645,1579,8,20,58,3,Never,0,1,0,2.588391000628288,7.242356051224893,False
CUS000717,43,F,27860,PhD,819,1050,41,23,77,4,Weekly,0,0,0,0.0,0.0,True
CUS000718,44,M,22252,Other,698,2942,31,12,208,3,Monthly,0,0,0,0.0,0.0,True
CUS000719,36,F,15243,Master,772,3515,17,13,55,1,Daily,0,0,0,0.0,0.0,False
CUS000720,41,M,18763,PhD,672,98894,8,15,170,4,Rarely,0,2,0,4.120418590276497,9.81125024119029,False
CUS000721,46,M,384337,High School,655,2389,22,15,89,8,Monthly,0,1,0,2.342697378131864,6.8785481891223315,False
CUS000722,18,F,98296,Other,728,767,4,14,78,3,Never,0,2,0,2.7610103724089163,8.875299652394204,True
CUS000723,21,M,12321,Other,721,4136,23,11,109,3,Weekly,1,0,0,0.0,0.0,True
CUS000724,53,F,12607,PhD,767,247,48,18,65,3,Daily,0,1,0,1.4117966861940945,8.309321352192995,True
CUS000725,44,Other,53396,High School,693,2669,5,17,63,3,Weekly,1,1,0,2.30168392540144,5.57950563066688,False
CUS000726,39,F,56264,High School,536,3038,4,16,23,3,Rarely,0,1,0,3.4333477018836223,8.286189277710466,False
CUS000727,42,F,56337,PhD,676,7735,97,15,73,2,Monthly,0,0,0,0.0,0.0,True
CUS000728,47,M,29614,Bachelor,799,9588,10,15,61,2,Weekly,1,0,0,0.0,0.0,True
CUS000729,33,M,32847,Other,690,1628,62,18,59,4,Weekly,0,0,0,0.0,0.0,True
CUS000730,30,M,47207,Other,695,2488,17,18,125,4,Never,0,2,1,1.580765362634771,8.14878073031457,False
CUS000731,44,F,38898,Master,818,1188,17,24,152,3,Weekly,0,1,0,1.8329992778015345,6.998899684999708,False
CUS000732,27,Other,6152,PhD,648,769,31,14,108,3,Daily,1,2,0,1.374433528827143,7.347664356836069,False
CUS000733,48,M,30217,Master,565,4323,8,15,199,3,Monthly,1,2,0,1.1300837863120206,6.8843793607292145,False
CUS000734,18,F,18377,Master,703,646,22,13,142,1,Rarely,1,1,0,1.4471937528856844,4.815943533327257,False
CUS000735,57,M,41779,High School,671,1812,13,13,71,4,Weekly,0,0,0,0.0,0.0,True
CUS000736,49,F,395619,Other,623,903,5,20,62,3,Daily,1,2,0,2.9481005004826715,10.0,False
CUS000737,45,M,48726,Master,702,5765,28,13,115,3,Rarely,1,0,0,0.0,0.0,True
CUS000738,56,Other,28259,High School,769,25892,15,14,142,2,Daily,0,3,0,1.9678571357384134,9.111003824465097,False
CUS000739,66,F,75920,PhD,719,625,17,15,275,4,Weekly,0,2,0,1.4495965006894276,8.054418331856843,False
CUS000740,57,M,53431,Master,750,322,5,10,233,6,Weekly,0,1,0,6.616363649866511,6.189502709431192,False
CUS000741,18,M,50821,Other,850,2566,98,14,58,1,Monthly,1,0,0,0.0,0.0,False
CUS000742,22,M,59011,Master,685,3037,48,13,82,1,Never,0,2,1,1.5669200276455684,6.81641201079404,True
CUS000743,32,M,188195,PhD,747,3875,52,11,153,2,Daily,0,0,0,0.0,0.0,False
CUS000744,42,M,14695,Master,669,1744,14,15,211,3,Never,0,3,0,3.0413066764042225,4.656931349559542,False
CUS000745,49,F,53045,Other,635,2343,3,18,190,3,Never,0,1,0,2.628691604297625,7.939877760105719,True
CUS000746,31,F,17307,High School,661,4633,141,20,85,2,Rarely,0,1,0,2.519573843021018,7.6723681183321855,False
CUS000747,44,F,56636,Other,672,10389,18,22,33,6,Rarely,0,1,0,0.890975279503594,6.586886154882508,False
CUS000748,30,M,17414,High School,755,285,9,15,40,1,Daily,0,1,0,4.199964323606535,7.059830850262587,False
CUS000749,32,F,26006,Bachelor,850,1914,30,9,111,2,Never,0,3,0,2.611017368230378,6.402954168387639,True
CUS000750,20,F,28679,Other,648,3852,64,11,118,3,Monthly,0,1,0,3.52359725152368,6.011732183088716,False
CUS000751,28,M,79273,Other,678,990,19,21,37,3,Never,1,0,0,0.0,0.0,False
CUS000752,21,F,75717,PhD,713,23799,72,18,93,4,Rarely,0,0,0,0.0,0.0,False
CUS000753,27,F,13405,Master,759,1390,59,17,149,1,Never,0,3,0,3.9327511321017243,5.447225256213165,False
CUS000754,57,M,37947,High School,746,2836,6,17,35,3,Weekly,0,0,0,0.0,0.0,False
CUS000755,27,M,20585,High School,848,5809,10,21,217,1,Weekly,0,1,0,5.242692031722725,4.958365065379372,False
CUS000756,81,F,13269,PhD,477,1466,52,16,66,2,Monthly,0,1,0,1.3509720213703966,5.596192416951732,True
CUS000757,49,M,30527,PhD,481,325,1,22,246,5,Daily,0,2,0,1.5536636979107556,5.749742554413676,True
CUS000758,44,F,28373,Master,670,1782,17,11,58,7,Never,0,3,0,1.6636079954369472,9.178398854086453,False
CUS000759,29,F,253057,Master,829,10253,4,18,39,1,Weekly,0,2,0,1.4431913771173692,5.762716035940943,False
CUS000760,52,F,51347,Other,563,1989,12,12,62,4,Daily,0,1,0,4.30957489564365,2.931773145440342,False
CUS000761,33,M,12063,Bachelor,419,1079,14,19,83,1,Weekly,0,2,0,1.3477017948080618,7.583384034780195,False
CUS000762,43,M,23113,Master,777,9052,14,21,65,1,Daily,0,1,0,1.8411187847537127,8.247217235066776,False
CUS000763,80,F,82216,PhD,744,2004,11,15,75,2,Daily,0,2,0,0.9843748809345115,8.937531204295663,False
CUS000764,40,F,193059,Master,610,1616,6,14,117,5,Weekly,1,1,0,3.209188219912586,7.332328365774687,False
CUS000765,59,M,10210,High School,621,3566,198,15,78,4,Rarely,0,2,0,2.087947007406632,4.719782279619414,False
CUS000766,31,F,8071,Bachelor,623,7516,129,12,85,1,Daily,1,4,1,3.46133881424449,5.4021407493049445,True
CUS000767,41,F,162230,Other,731,51950,6,16,22,1,Never,0,0,0,0.0,0.0,True
CUS000768,68,M,49597,High School,657,8044,97,10,123,1,Weekly,0,0,0,0.0,0.0,False
CUS000769,32,M,18130,High School,769,11989,13,17,83,3,Rarely,0,1,0,3.1597744038368982,8.200328276919896,True
CUS000770,69,F,55698,Bachelor,434,1624,22,15,326,5,Weekly,1,2,0,0.9794923700996431,9.918079560191233,False
CUS000771,52,M,4408,Other,634,870,18,22,42,3,Monthly,0,3,0,2.441133897193638,4.714213331113886,False
CUS000772,33,M,36413,PhD,607,3212,10,17,21,4,Never,0,0,0,0.0,0.0,False
CUS000773,51,M,47205,Other,694,3390,53,11,147,1,Monthly,1,1,0,1.2899993412730857,7.423835587430811,False
CUS000774,56,M,76070,Master,666,817,22,16,118,4,Daily,1,2,0,2.388257870324613,5.890119130581054,True
CUS000775,51,F,16137,High School,799,2415,12,17,40,6,Daily,1,2,0,1.660236889638805,5.351859824110057,False
CUS000776,18,F,38892,Master,534,4813,5,18,26,3,Monthly,0,0,0,0.0,0.0,False
CUS000777,31,M,17320,PhD,724,4593,8,18,307,5,Monthly,0,0,0,0.0,0.0,False
CUS000778,38,F,44547,Master,775,5459,3,11,279,3,Daily,1,0,0,0.0,0.0,False
CUS000779,40,F,17742,Other,850,4226,20,13,12,4,Rarely,0,1,0,5.566710634930738,7.069993612017379,False
CUS000780,51,F,26200,Master,671,1622,6,19,62,2,Never,0,0,0,0.0,0.0,False
CUS000781,44,M,16372,PhD,752,1608,15,16,340,2,Weekly,0,2,0,8.429299637082673,6.732705596795524,False
CUS000782,21,M,61139,PhD,539,707,79,12,61,2,Monthly,1,1,0,1.9691648653267486,2.9507308917404274,True
CUS000783,47,Other,72168,PhD,480,25380,66,17,60,6,Never,1,4,0,2.338428908103862,7.403184589561449,False
CUS000784,51,F,30100,Other,804,3029,19,12,71,3,Weekly,1,2,0,0.709965479027835,7.65619141675039,False
CUS000785,50,M,37443,PhD,719,2276,18,13,36,4,Weekly,0,1,0,0.9780977714934859,8.494643474434055,False
CUS000786,58,M,11397,High School,837,977,131,12,23,1,Monthly,0,2,1,2.699591998623452,5.8545890986958025,True
CUS000787,54,M,28574,PhD,582,100991,33,17,208,2,Rarely,1,1,0,2.189815034642221,3.824334971932273,False
CUS000788,48,F,34885,Master,771,822,14,9,20,4,Rarely,0,0,0,0.0,0.0,True
CUS000789,40,F,295562,Master,850,1781,4,9,109,3,Never,2,1,0,2.7473711551722633,6.157380860534146,True
CUS000790,18,F,14919,Master,761,4909,29,9,182,2,Never,0,2,0,1.4932973776132077,8.41185232554584,False
CUS000791,48,M,117165,Other,747,6125,46,15,28,2,Daily,0,1,0,2.589156090880292,6.848268360030391,False
CUS000792,45,F,80618,Master,720,9409,10,16,42,2,Rarely,1,1,0,0.6282922754671675,8.698614772364868,False
CUS000793,46,F,45456,Other,562,26085,26,16,237,2,Never,0,1,0,1.6411393154371536,4.398193547406784,False
CUS000794,22,M,148285,Other,850,5471,13,5,137,2,Daily,0,1,0,2.810269775135293,8.624194619464763,False
CUS000795,25,F,48907,PhD,658,839,16,10,54,3,Weekly,1,0,1,0.0,0.0,True
CUS000796,57,Other,49579,High School,770,2190,1,16,235,3,Never,0,2,0,5.1980513139877695,7.498090593221299,False
CUS000797,41,M,34804,PhD,563,4313,16,22,236,1,Daily,0,2,0,2.099106696636415,6.290196440566813,False
CUS000798,52,F,96650,PhD,602,35663,52,16,111,2,Rarely,1,0,0,0.0,0.0,False
CUS000799,42,M,87306,Other,850,557,10,19,43,2,Weekly,0,0,0,0.0,0.0,True
CUS000800,42,F,22014,Other,685,12620,21,20,64,5,Never,0,1,0,2.988925424380547,9.140706076685927,False
CUS000801,56,F,12639,Master,850,3699,9,21,113,2,Rarely,1,0,0,0.0,0.0,True
CUS000802,34,F,30872,Master,712,8146,28,12,77,2,Weekly,1,0,0,0.0,0.0,False
CUS000803,43,F,19148,PhD,535,2637,16,19,190,1,Monthly,0,2,0,1.5925189472333523,7.480048349771085,True
CUS000804,35,M,34516,Bachelor,809,1084,7,12,26,1,Rarely,0,1,0,2.778172176886719,5.031586520674686,False
CUS000805,35,F,97728,Bachelor,661,7339,76,16,27,2,Monthly,0,0,0,0.0,0.0,False
CUS000806,37,F,25188,Master,789,6537,50,15,104,5,Never,0,1,0,1.7385375380377688,8.96374807150736,False
CUS000807,45,M,35092,Bachelor,722,9570,10,21,60,2,Daily,0,2,0,5.914166204504178,6.516571758388207,False
CUS000808,34,F,38040,Master,565,2933,33,14,54,2,Never,2,0,0,0.0,0.0,False
CUS000809,60,F,71592,Other,736,1451,34,15,21,2,Rarely,0,0,0,0.0,0.0,True
CUS000810,28,M,6017,PhD,850,459,38,15,91,2,Monthly,0,1,0,1.8880903488024066,7.073892900278521,False
CUS000811,39,F,22351,High School,769,7968,3,15,86,2,Monthly,1,0,0,0.0,0.0,True
CUS000812,35,F,43003,PhD,714,4957,54,11,151,1,Weekly,0,2,0,2.0443414070580843,5.2734128640046585,False
CUS000813,63,M,94851,Master,827,935,11,18,95,2,Never,0,1,0,3.2774883393220837,6.896644684596006,False
CUS000814,44,Other,24501,Master,741,1561,14,16,80,2,Never,0,1,0,2.8611474402378554,5.107876367479199,False
CUS000815,57,M,8093,PhD,740,1702,280,17,230,4,Rarely,0,0,0,0.0,0.0,False
CUS000816,19,M,59621,Master,610,502,27,14,31,6,Monthly,0,2,0,1.8538840809609745,6.655612409374726,False
CUS000817,46,M,21844,Bachelor,743,1117,13,17,138,8,Rarely,0,0,0,0.0,0.0,False
CUS000818,55,F,14020,Bachelor,823,764,2,11,23,6,Rarely,0,0,0,0.0,0.0,False
CUS000819,43,F,22038,Master,636,1817,80,16,46,1,Monthly,0,1,0,2.7316686961328243,7.061359345030861,False
CUS000820,57,M,31331,Master,850,1228,5,12,34,4,Rarely,1,1,0,1.313389122918514,8.21154821534355,False
CUS000821,34,M,22386,Bachelor,710,423,7,11,168,5,Monthly,0,0,0,0.0,0.0,False
CUS000822,63,F,6220,Master,631,33762,14,15,85,2,Rarely,0,2,0,2.4921885714868015,4.1867819959935115,False
CUS000823,76,M,74432,Master,819,13400,82,13,89,2,Daily,0,1,0,2.9289310081400464,9.005997033818275,False
CUS000824,36,F,100699,PhD,691,1170,43,10,37,5,Rarely,0,0,0,0.0,0.0,False
CUS000825,35,F,61158,High School,795,4133,17,19,70,2,Rarely,0,0,0,0.0,0.0,False
CUS000826,63,F,14615,Bachelor,690,4919,27,10,48,1,Daily,0,1,1,1.8015788637395183,9.068604479040866,True
CUS000827,65,Other,30909,PhD,714,12447,11,21,122,2,Never,0,1,0,1.8497297562033383,6.622021954920569,False
CUS000828,34,M,36126,High School,769,1116,23,16,40,3,Monthly,0,1,0,1.624571363463163,7.258110087957533,False
CUS000829,35,Other,58631,Master,749,11053,21,15,260,1,Weekly,0,2,0,1.085521532101514,7.613048086642389,False
CUS000830,37,F,61986,Master,520,1544,52,17,23,4,Daily,0,2,0,2.739032793479656,7.166738678594891,False
CUS000831,21,F,20184,PhD,607,600,52,25,47,3,Never,0,1,0,1.7548813975958473,8.206858775366516,False
CUS000832,28,M,38777,Master,812,7107,32,17,344,6,Rarely,0,0,0,0.0,0.0,False
CUS000833,26,F,52356,Other,706,14029,13,11,63,4,Never,0,1,0,2.9394400666160343,6.22552097817391,False
CUS000834,30,M,116384,PhD,667,66535,42,15,31,4,Daily,0,2,0,2.0315314847799724,5.479743173565056,False
CUS000835,41,M,63806,High School,584,706,18,20,107,2,Rarely,0,0,0,0.0,0.0,True
CUS000836,45,M,68271,PhD,612,6896,6,19,61,3,Never,1,0,0,0.0,0.0,False
CUS000837,65,F,38834,Bachelor,517,1822,13,18,46,5,Weekly,0,1,0,3.0264728135456975,7.856336068768674,True
CUS000838,27,F,112236,PhD,709,7631,21,19,37,3,Monthly,0,1,0,0.9447918289084305,3.948317431583525,False
CUS000839,56,F,50403,Master,660,510,49,15,824,2,Monthly,1,3,0,1.2548051965341218,8.238089028541925,True
CUS000840,38,F,18235,Master,623,655,16,15,73,3,Daily,1,1,0,1.4608935984001181,8.4451661963849,True
CUS000841,41,M,111602,Other,713,1174,5,17,19,6,Rarely,0,1,0,4.049231294760804,5.435414856642643,True
CUS000842,52,F,63469,Other,756,3277,21,22,297,4,Rarely,0,1,0,2.722518699783029,9.844173409310597,False
CUS000843,25,M,25477,Other,850,1381,22,16,146,2,Monthly,0,2,1,1.9508092968854418,6.297682424232137,False
CUS000844,47,F,24745,High School,568,6573,24,20,48,5,Never,0,1,0,1.7527794031973898,6.125518418650929,False
CUS000845,44,F,46039,Other,835,10221,50,17,42,1,Rarely,0,3,0,2.998316361826496,5.692957500043672,False
CUS000846,49,F,52604,High School,817,6121,55,19,154,3,Weekly,0,0,0,0.0,0.0,False
CUS000847,46,F,42524,Other,642,20796,11,15,73,3,Weekly,0,2,0,1.6576980791749407,7.896208470916071,False
CUS000848,78,M,46585,High School,740,4909,10,13,19,3,Rarely,0,0,0,0.0,0.0,False
CUS000849,32,M,141487,PhD,674,692,7,14,376,6,Rarely,1,0,0,0.0,0.0,True
CUS000850,34,F,85582,PhD,738,15306,40,22,63,2,Monthly,1,2,1,3.214913517043323,6.217277369353514,True
CUS000851,32,M,42298,Master,850,1442,85,16,297,2,Daily,0,0,0,0.0,0.0,False
CUS000852,33,M,77114,High School,780,8888,14,13,250,2,Monthly,0,1,0,1.9993540319110643,4.12573215357604,False
CUS000853,32,F,15898,Bachelor,770,19702,15,14,40,2,Daily,1,1,0,4.24827094771603,7.6832378780077715,False
CUS000854,59,F,49928,Master,676,5156,87,9,205,3,Weekly,1,2,0,1.38775124963074,6.417416125630397,False
CUS000855,63,M,154422,PhD,571,495,33,14,53,4,Daily,1,0,0,0.0,0.0,True
CUS000856,33,M,30502,High School,699,990,31,16,20,4,Monthly,1,1,0,2.0875952599351177,9.171852219372497,False
CUS000857,29,F,18432,Other,840,14578,6,15,64,3,Rarely,0,1,0,1.405693045404304,7.61753454847814,False
CUS000858,49,F,21554,Bachelor,567,2433,39,13,123,2,Daily,0,1,0,5.0233703085971415,7.532309641028868,False
CUS000859,33,M,15188,PhD,614,3279,7,20,62,2,Monthly,0,0,0,0.0,0.0,True
CUS000860,51,M,19383,Master,732,7410,6,21,70,5,Weekly,0,0,0,0.0,0.0,False
CUS000861,45,M,27000,High School,621,6874,14,12,224,3,Daily,0,2,0,2.2488724266880573,9.029014057838952,False
CUS000862,19,M,11796,Bachelor,640,4165,11,21,98,2,Weekly,0,0,0,0.0,0.0,False
CUS000863,65,M,36772,High School,677,2320,16,21,45,2,Weekly,1,0,0,0.0,0.0,True
CUS000864,68,F,74743,Other,583,2048,4,24,157,6,Never,0,0,1,0.0,0.0,True
CUS000865,32,F,17567,Master,622,8345,52,17,105,2,Daily,0,1,0,1.3449089107588312,7.320030963652491,True
CUS000866,36,F,122446,High School,790,5792,62,15,11,3,Monthly,1,2,0,1.417573932643753,8.564397135395934,False
CUS000867,46,M,54646,PhD,589,2189,2,17,126,5,Daily,1,1,0,2.877796679818069,5.700305731314897,True
CUS000868,47,F,82823,Master,560,10922,53,16,123,3,Daily,1,0,0,0.0,0.0,False
CUS000869,51,M,21455,PhD,656,2553,8,24,91,3,Weekly,0,1,0,0.8965034301053207,10.0,True
CUS000870,72,Other,71942,High School,793,1072,47,11,183,2,Weekly,0,0,0,0.0,0.0,False
CUS000871,39,F,15160,Master,700,1198,18,14,52,2,Weekly,1,2,0,2.035801920704365,7.550863245006758,False
CUS000872,30,M,74027,PhD,673,921,20,15,117,2,Weekly,1,1,0,1.4532253640309218,4.596535360519791,True
CUS000873,21,F,41667,Other,724,2149,16,18,25,3,Monthly,0,1,0,2.054798356667125,7.275712924539576,False
CUS000874,31,M,56534,Other,545,13101,67,9,124,3,Rarely,0,2,0,2.3411050217300913,7.373332238490533,False
CUS000875,41,F,14179,High School,769,1134,5,11,429,1,Never,0,3,0,2.118643164377068,7.249591134991779,False
CUS000876,68,M,17746,Master,758,3737,36,12,40,4,Weekly,0,2,0,1.9482359087990018,2.400248096773584,False
CUS000877,34,M,58558,Bachelor,679,1355,60,13,49,4,Weekly,2,1,0,2.41763863359316,5.9038331145546,False
CUS000878,45,F,17006,Master,820,2181,41,10,51,2,Never,1,0,0,0.0,0.0,False
CUS000879,41,M,52604,Other,607,486,205,10,99,4,Weekly,0,0,1,0.0,0.0,False
CUS000880,59,F,12164,PhD,832,2287,11,21,38,5,Rarely,0,2,1,5.338538819095183,4.234298437536102,False
CUS000881,79,M,71577,Bachelor,735,2362,52,15,126,5,Daily,0,2,0,4.2078129079583295,4.263287085940693,False
CUS000882,34,F,13547,High School,686,5700,18,15,177,3,Never,0,0,0,0.0,0.0,False
CUS000883,34,F,56491,Bachelor,718,3896,68,16,138,2,Monthly,0,3,0,1.8797551684079514,7.332837945506987,True
CUS000884,57,F,59904,High School,709,707,19,14,21,1,Never,0,0,0,0.0,0.0,False
CUS000885,52,M,20797,Bachelor,842,10949,13,19,199,4,Rarely,1,0,0,0.0,0.0,False
CUS000886,69,M,57850,High School,612,3836,74,9,190,3,Monthly,2,1,0,3.1979439948048927,5.8783195634128855,False
CUS000887,50,M,44727,High School,643,3782,12,19,174,1,Daily,0,1,0,3.120539224905391,6.27252283746012,False
CUS000888,36,M,23598,Bachelor,823,2948,4,16,121,6,Weekly,0,0,0,0.0,0.0,False
CUS000889,50,F,16206,Bachelor,660,1601,11,13,107,5,Never,2,0,0,0.0,0.0,False
CUS000890,58,F,7554,High School,810,3871,37,15,205,2,Monthly,0,4,0,1.841287669439211,5.210124475579269,False
CUS000891,54,F,48036,Other,850,5274,80,11,419,5,Never,1,2,0,2.1904692432445256,9.758623889559335,False
CUS000892,49,F,10385,Bachelor,679,366,22,12,41,4,Daily,0,0,0,0.0,0.0,True
CUS000893,58,F,39193,Master,788,1561,75,21,213,5,Never,0,1,0,2.9117609796699417,7.07976219420582,False
CUS000894,59,F,29414,PhD,604,2195,5,20,84,4,Monthly,2,0,0,0.0,0.0,False
CUS000895,62,M,62524,High School,795,4053,12,17,81,2,Rarely,1,0,1,0.0,0.0,False
CUS000896,51,F,28520,High School,739,12481,15,15,26,4,Monthly,0,0,0,0.0,0.0,False
CUS000897,39,F,27901,PhD,767,1180,17,15,71,3,Never,0,1,0,1.5446994843400081,3.9536140151648085,True
CUS000898,44,F,65218,Other,655,1639,21,11,40,3,Daily,0,1,0,1.9732891713816434,8.28809643284331,False
CUS000899,60,M,47479,PhD,553,1611,40,10,62,3,Weekly,0,0,0,0.0,0.0,False
CUS000900,29,M,46766,Bachelor,770,1139,12,27,37,2,Weekly,0,1,1,2.0160895192987973,6.314954525365902,True
CUS000901,47,M,52860,PhD,513,1965,23,12,62,6,Daily,0,0,0,0.0,0.0,False
CUS000902,36,F,10631,High School,688,7517,19,16,65,5,Never,1,1,0,1.9448017019301589,9.387318122712182,False
CUS000903,42,F,66531,PhD,814,841,7,12,97,2,Daily,0,1,0,1.9069078188576167,6.983773659559277,False
CUS000904,61,M,59276,Master,739,4980,17,17,24,4,Never,0,0,0,0.0,0.0,False
CUS000905,44,Other,16101,Bachelor,850,386,17,14,28,4,Monthly,0,0,1,0.0,0.0,True
CUS000906,42,M,29873,PhD,822,1519,17,11,120,5,Rarely,1,0,0,0.0,0.0,True
CUS000907,21,M,35191,High School,654,2007,20,16,47,2,Never,0,0,0,0.0,0.0,False
CUS000908,53,M,32610,Bachelor,722,22244,21,13,212,2,Weekly,1,1,0,2.7762242211804704,5.608195518170908,False
CUS000909,51,F,47433,High School,715,2143,13,10,107,3,Weekly,1,0,0,0.0,0.0,True
CUS000910,74,F,114129,Other,561,212,71,17,146,2,Rarely,0,0,0,0.0,0.0,True
CUS000911,37,M,86285,Master,625,270,6,21,278,2,Never,1,3,0,2.255214015709049,5.9159070679948496,False
CUS000912,45,F,12711,Other,663,3105,9,12,70,1,Rarely,0,0,0,0.0,0.0,True
CUS000913,45,M,59733,Master,516,6226,323,14,56,3,Monthly,0,0,0,0.0,0.0,False
CUS000914,65,F,105150,PhD,724,4677,7,17,180,3,Rarely,0,1,0,3.0638377662408325,6.195234306644416,False
CUS000915,40,F,49486,Bachelor,695,3644,5,12,135,2,Monthly,1,2,0,7.846470438473614,7.979512452725158,False
CUS000916,46,F,86923,PhD,552,12024,41,14,77,2,Weekly,0,1,0,1.703161435370842,5.429798700250994,False
CUS000917,51,M,181646,Master,760,1560,2,19,274,4,Monthly,0,0,0,0.0,0.0,False
CUS000918,44,Other,82369,Master,791,8724,15,12,75,3,Never,1,1,0,2.4814526932518084,9.487361318697392,False
CUS000919,35,F,44331,Master,742,420,171,15,92,2,Never,0,2,0,2.869938259441441,7.737139393262984,True
CUS000920,44,M,83790,High School,687,1006,4,10,91,2,Never,1,0,0,0.0,0.0,False
CUS000921,58,F,40778,Bachelor,779,340,2,14,42,2,Never,0,1,1,3.841904628677048,7.448804240785886,True
CUS000922,26,M,37016,PhD,788,2143,4,19,95,3,Daily,1,1,0,2.7655168550496447,7.146091634972464,True
CUS000923,43,F,27415,PhD,750,2819,49,16,275,5,Monthly,0,0,0,0.0,0.0,False
CUS000924,31,M,126846,Other,637,3418,61,19,128,2,Never,0,1,0,1.2886235272672752,6.959796717011874,False
CUS000925,59,F,18868,Master,747,3210,12,18,92,1,Rarely,0,2,0,1.598061094946913,4.460951209830508,False
CUS000926,19,F,123734,Master,839,979,39,12,79,2,Rarely,0,1,0,2.3946281954636,7.58506679113109,False
CUS000927,33,M,54170,Master,660,2372,80,15,117,3,Daily,1,1,1,1.5754967416583987,10.0,False
CUS000928,47,M,11855,PhD,850,494,119,12,163,1,Monthly,0,0,0,0.0,0.0,False
CUS000929,65,M,48733,Other,667,15304,15,18,146,4,Monthly,0,0,0,0.0,0.0,False
CUS000930,41,M,6768,High School,723,2070,2,16,69,2,Monthly,0,1,0,1.063734222960521,8.383642820280176,True
CUS000931,33,M,59898,Bachelor,652,1657,8,12,116,2,Daily,0,0,0,0.0,0.0,True
CUS000932,70,F,73731,High School,742,20064,13,12,132,8,Monthly,0,0,0,0.0,0.0,False
CUS000933,20,M,22609,PhD,545,671,15,16,40,2,Monthly,0,0,0,0.0,0.0,False
CUS000934,18,M,40088,Master,665,772,16,15,102,2,Never,1,3,0,1.48706990648213,7.87691175718587,True
CUS000935,48,F,173394,Bachelor,610,799,61,12,15,1,Monthly,1,0,0,0.0,0.0,True
CUS000936,34,M,24231,PhD,733,2747,71,5,132,6,Never,1,2,0,1.491106594072189,3.930067474115971,False
CUS000937,26,F,15566,PhD,819,5003,16,18,152,2,Never,1,2,0,1.343549162032371,9.172269553491981,False
CUS000938,52,F,118815,PhD,784,7241,60,19,163,3,Monthly,1,1,0,7.872502805825174,8.605004249316043,False
CUS000939,45,F,174568,Bachelor,482,65276,28,14,65,1,Rarely,1,2,0,2.6055602400907736,9.334855541729652,False
CUS000940,33,F,36423,Bachelor,850,200,21,18,115,3,Weekly,0,2,1,2.357930777147951,5.192286561248521,False
CUS000941,22,F,81566,Other,749,6188,49,10,281,3,Rarely,0,0,0,0.0,0.0,True
CUS000942,55,M,106210,Other,642,1527,21,13,278,5,Monthly,0,1,0,3.524550625542859,6.200264995085545,False
CUS000943,51,M,20050,High School,735,1474,157,17,87,3,Monthly,1,0,0,0.0,0.0,True
CUS000944,40,M,24630,Bachelor,737,1416,4,16,100,3,Rarely,0,0,0,0.0,0.0,False
CUS000945,69,F,97216,Bachelor,653,1001,11,18,218,3,Monthly,0,1,0,5.469267000095989,4.028461188812164,False
CUS000946,25,M,139806,Bachelor,739,22503,17,15,27,1,Never,0,0,1,0.0,0.0,True
CUS000947,19,F,56971,Other,659,8190,31,20,69,6,Daily,0,2,0,2.7002262549904166,3.859881815751065,True
CUS000948,31,Other,17964,PhD,679,3065,71,14,262,2,Monthly,0,0,0,0.0,0.0,False
CUS000949,41,F,178019,Master,651,15081,19,16,196,7,Monthly,0,2,0,3.701639646096056,5.8461634663278526,False
CUS000950,45,F,23747,Other,576,485,4,21,120,4,Rarely,0,0,0,0.0,0.0,True
CUS000951,38,M,27774,Bachelor,734,603,46,18,26,4,Never,0,2,0,1.731503755922677,7.935530748633873,True
CUS000952,47,F,47756,Other,778,218,42,24,86,3,Rarely,0,0,1,0.0,0.0,True
CUS000953,23,F,125910,High School,771,1287,2,16,56,2,Rarely,0,1,0,1.4145987631137853,6.167161394937082,True
CUS000954,63,M,71910,Bachelor,801,3619,20,13,117,6,Monthly,0,0,0,0.0,0.0,False
CUS000955,40,M,50609,High School,752,3372,4,16,47,1,Never,0,0,0,0.0,0.0,False
CUS000956,58,F,52608,Bachelor,666,3566,10,9,39,3,Monthly,1,0,0,0.0,0.0,True
CUS000957,47,F,37601,Other,803,548,8,21,17,4,Monthly,0,1,0,3.5064059327445,5.6617056174691855,False
CUS000958,48,F,56755,PhD,584,7814,45,12,239,2,Monthly,0,2,1,3.472985134606436,7.678872352081724,False
CUS000959,50,F,4799,Master,629,3974,22,14,65,3,Monthly,0,1,0,3.31382197550287,1.0,True
CUS000960,48,F,28644,High School,623,7184,5,16,102,2,Daily,0,1,0,2.3697687827873537,5.915172858779785,True
CUS000961,51,F,44048,Other,828,307,48,18,89,3,Weekly,1,2,0,1.5071641091822352,7.6765980514196395,False
CUS000962,61,M,14460,PhD,814,4332,4,9,38,2,Never,0,2,0,1.750184384302929,6.19314512046822,True
CUS000963,44,M,49466,Other,768,716,27,20,32,2,Daily,0,0,0,0.0,0.0,True
CUS000964,52,M,30835,High School,827,1850,8,22,40,5,Weekly,1,1,0,3.9651188798905825,9.598409359078548,True
CUS000965,40,F,147913,Master,632,5660,13,16,50,4,Weekly,0,1,0,1.656270852289879,5.677412602401294,False
CUS000966,63,F,127824,Other,754,3325,33,12,120,4,Weekly,0,1,0,2.442754601750993,5.815691817288886,False
CUS000967,31,F,25018,Bachelor,707,1072,33,10,47,2,Daily,0,0,0,0.0,0.0,False
CUS000968,69,M,32187,PhD,804,3003,76,15,364,2,Never,1,2,0,1.5136931035474226,5.02790465931267,False
CUS000969,41,F,34229,Other,708,474,18,15,204,4,Rarely,0,1,0,2.022652955103644,5.484604220512482,False
CUS000970,20,F,25302,PhD,681,11852,27,19,171,6,Weekly,0,1,0,1.2965781680879653,7.554022405988048,False
CUS000971,43,F,42447,Bachelor,774,2330,12,18,81,2,Rarely,0,0,0,0.0,0.0,False
CUS000972,31,F,19798,Master,807,11410,24,14,302,6,Rarely,0,3,0,2.144055564166262,8.616212559915006,False
CUS000973,54,M,14698,Master,653,1584,31,15,75,2,Monthly,1,0,0,0.0,0.0,True
CUS000974,32,F,59764,Bachelor,713,1590,18,9,87,3,Rarely,0,2,0,1.752829178022661,10.0,False
CUS000975,35,M,60091,PhD,614,1191,3,11,103,3,Monthly,0,2,1,0.9481199236204025,8.154832183173315,True
CUS000976,18,M,19082,Other,470,8530,27,14,157,2,Never,1,1,0,3.087663282634756,4.644319360086083,False
CUS000977,35,F,74331,Bachelor,740,1272,28,15,149,3,Never,1,0,0,0.0,0.0,True
CUS000978,18,F,21910,High School,780,6460,10,10,61,3,Monthly,0,6,0,3.018190248091012,9.483302213987088,False
CUS000979,18,F,44468,PhD,746,1883,5,14,58,3,Never,0,1,0,2.288886496651638,7.9742794897598674,True
CUS000980,53,F,70001,Master,525,278,87,10,150,3,Weekly,0,2,0,1.2686055305957507,7.0573867202744935,False
CUS000981,53,F,35351,Bachelor,684,1503,32,13,159,4,Never,0,2,1,1.277405459027058,9.13461713421644,False
CUS000982,48,F,52249,Master,498,724,15,16,65,1,Monthly,0,0,0,0.0,0.0,True
CUS000983,27,F,24025,PhD,850,3104,6,19,25,5,Weekly,0,1,0,7.136961651403227,10.0,False
CUS000984,41,M,31033,Master,611,714,8,11,76,2,Rarely,0,1,0,0.5998706789921633,6.622017512662046,False
CUS000985,41,M,30801,Bachelor,845,9055,73,16,148,1,Rarely,0,1,1,1.290057126167812,5.334063064959403,False
CUS000986,24,M,19985,PhD,814,2672,23,11,381,2,Rarely,0,1,0,6.519481700707592,9.654859913498525,False
CUS000987,64,M,31526,High School,629,2408,11,14,34,1,Monthly,1,1,0,7.624071689374963,10.0,False
CUS000988,55,M,10520,Bachelor,606,6549,33,18,63,2,Rarely,1,3,0,5.204733816254345,7.289769334794196,False
CUS000989,38,M,24515,Other,755,9477,8,11,65,2,Never,0,0,0,0.0,0.0,False
CUS000990,42,M,28914,Bachelor,635,2909,90,22,266,3,Rarely,1,1,0,2.903521029649293,7.061824193302654,True
CUS000991,45,Other,29585,PhD,730,1181,77,20,87,3,Daily,0,1,0,1.618973060918185,7.344234693461659,False
CUS000992,18,M,29935,Bachelor,671,354,12,14,43,1,Daily,0,2,1,0.9595211154995366,7.898660065713087,True
CUS000993,38,F,34564,High School,541,1308,10,14,140,3,Rarely,0,1,1,2.726653344478323,4.183055668100799,True
CUS000994,31,M,53292,High School,496,1421,1,14,65,3,Rarely,1,0,0,0.0,0.0,True
CUS000995,26,F,73102,Other,742,3389,4,15,33,4,Daily,0,0,0,0.0,0.0,False
CUS000996,37,M,21594,Master,663,1970,5,20,44,6,Rarely,0,2,0,1.5196414748422808,7.611795951754736,False
CUS000997,68,M,13869,PhD,664,6805,22,16,360,3,Weekly,1,0,0,0.0,0.0,False
CUS000998,51,F,15777,PhD,789,1428,14,17,122,2,Daily,0,1,0,4.598872304277821,7.54691253159289,False
CUS000999,33,M,24593,Master,837,2783,5,21,98,3,Monthly,0,0,0,0.0,0.0,True
CUS001000,50,M,27404,High School,692,12342,15,11,73,1,Daily,0,0,0,0.0,0.0,False
